Workbook
Name cd_planilha: cod_planilha!$A$1

Sheet Armas
B1: Item | E1: Efeito
B2: Nome | C2: Tipo | D2: Nível | E2: Efeito | F2: Qualidade | G2: Bônus
B3: =IFERROR(__xludf.DUMMYFUNCTION("query(IMPORTRANGE(cd_planilha, ""Armas do jogo!B3:H""), ""Where Col7 = TRUE"")"),"Anel estrelado") -> Anel estrelado | C3: =IFERROR(__xludf.DUMMYFUNCTION("""COMPUTED_VALUE"""),"Anel") -> Anel | D3: =IFERROR(__xludf.DUMMYFUNCTION("""COMPUTED_VALUE"""),8.0) -> 8 | E3: =IFERROR(__xludf.DUMMYFUNCTION("""COMPUTED_VALUE"""),"Cone-gélido") -> Cone-gélido | F3: =IFERROR(__xludf.DUMMYFUNCTION("""COMPUTED_VALUE"""),"Épico") -> Épico | G3: =IFERROR(__xludf.DUMMYFUNCTION("""COMPUTED_VALUE"""),"Aumenta a força em 40%") -> Aumenta a força em 40% | H3: =IFERROR(__xludf.DUMMYFUNCTION("""COMPUTED_VALUE"""),TRUE) -> TRUE
B4: =IFERROR(__xludf.DUMMYFUNCTION("""COMPUTED_VALUE"""),"Interesseiro") -> Interesseiro | C4: =IFERROR(__xludf.DUMMYFUNCTION("""COMPUTED_VALUE"""),"Anel") -> Anel | D4: =IFERROR(__xludf.DUMMYFUNCTION("""COMPUTED_VALUE"""),12.0) -> 12 | E4: =IFERROR(__xludf.DUMMYFUNCTION("""COMPUTED_VALUE"""),"Ganancioso 1") -> Ganancioso 1 | F4: =IFERROR(__xludf.DUMMYFUNCTION("""COMPUTED_VALUE"""),"Impecável") -> Impecável | G4: =IFERROR(__xludf.DUMMYFUNCTION("""COMPUTED_VALUE"""),"Encontra mais 50% de ouro durante as missões") -> Encontra mais 50% de ouro durante as missões | H4: =IFERROR(__xludf.DUMMYFUNCTION("""COMPUTED_VALUE"""),TRUE) -> TRUE
B5: =IFERROR(__xludf.DUMMYFUNCTION("""COMPUTED_VALUE"""),"Anel ferradura") -> Anel ferradura | C5: =IFERROR(__xludf.DUMMYFUNCTION("""COMPUTED_VALUE"""),"Anel") -> Anel | D5: =IFERROR(__xludf.DUMMYFUNCTION("""COMPUTED_VALUE"""),20.0) -> 20 | E5: =IFERROR(__xludf.DUMMYFUNCTION("""COMPUTED_VALUE"""),"Líder 1") -> Líder 1 | F5: =IFERROR(__xludf.DUMMYFUNCTION("""COMPUTED_VALUE"""),"Impecável") -> Impecável | G5: =IFERROR(__xludf.DUMMYFUNCTION("""COMPUTED_VALUE"""),"Aumenta o número de companheiros em +1") -> Aumenta o número de companheiros em +1 | H5: =IFERROR(__xludf.DUMMYFUNCTION("""COMPUTED_VALUE"""),TRUE) -> TRUE
B6: =IFERROR(__xludf.DUMMYFUNCTION("""COMPUTED_VALUE"""),"Perseguindo a lua") -> Perseguindo a lua | C6: =IFERROR(__xludf.DUMMYFUNCTION("""COMPUTED_VALUE"""),"Anel") -> Anel | D6: =IFERROR(__xludf.DUMMYFUNCTION("""COMPUTED_VALUE"""),22.0) -> 22 | E6: =IFERROR(__xludf.DUMMYFUNCTION("""COMPUTED_VALUE"""),"Caça-tesouros 1") -> Caça-tesouros 1 | F6: =IFERROR(__xludf.DUMMYFUNCTION("""COMPUTED_VALUE"""),"Impecável") -> Impecável | G6: =IFERROR(__xludf.DUMMYFUNCTION("""COMPUTED_VALUE"""),"Aumenta o número máximo de artefatos e itens de raid encontrados em +2") -> Aumenta o número máximo de artefatos e itens de raid encontrados em +2 | H6: =IFERROR(__xludf.DUMMYFUNCTION("""COMPUTED_VALUE"""),TRUE) -> TRUE
B7: =IFERROR(__xludf.DUMMYFUNCTION("""COMPUTED_VALUE"""),"Anel do Cruzado") -> Anel do Cruzado | C7: =IFERROR(__xludf.DUMMYFUNCTION("""COMPUTED_VALUE"""),"Anel") -> Anel | D7: =IFERROR(__xludf.DUMMYFUNCTION("""COMPUTED_VALUE"""),25.0) -> 25 | E7: =IFERROR(__xludf.DUMMYFUNCTION("""COMPUTED_VALUE"""),"Companheiro de Guerra 1") -> Companheiro de Guerra 1 | F7: =IFERROR(__xludf.DUMMYFUNCTION("""COMPUTED_VALUE"""),"Épico") -> Épico | G7: =IFERROR(__xludf.DUMMYFUNCTION("""COMPUTED_VALUE"""),"Aumenta a taxa de sobrevivência de membros masculinos do grupo em 5%") -> Aumenta a taxa de sobrevivência de membros masculinos do grupo em 5% | H7: =IFERROR(__xludf.DUMMYFUNCTION("""COMPUTED_VALUE"""),TRUE) -> TRUE
B8: =IFERROR(__xludf.DUMMYFUNCTION("""COMPUTED_VALUE"""),"Dragão sinete") -> Dragão sinete | C8: =IFERROR(__xludf.DUMMYFUNCTION("""COMPUTED_VALUE"""),"Anel") -> Anel | D8: =IFERROR(__xludf.DUMMYFUNCTION("""COMPUTED_VALUE"""),26.0) -> 26 | E8: =IFERROR(__xludf.DUMMYFUNCTION("""COMPUTED_VALUE"""),"Resistente 2") -> Resistente 2 | F8: =IFERROR(__xludf.DUMMYFUNCTION("""COMPUTED_VALUE"""),"Impecável") -> Impecável | G8: =IFERROR(__xludf.DUMMYFUNCTION("""COMPUTED_VALUE"""),"Obtém pelo menos 50% de experiência quando ferido e a missão é bem sucedida") -> Obtém pelo menos 50% de experiência quando ferido e a missão é bem sucedida | H8: =IFERROR(__xludf.DUMMYFUNCTION("""COMPUTED_VALUE"""),TRUE) -> TRUE
B9: =IFERROR(__xludf.DUMMYFUNCTION("""COMPUTED_VALUE"""),"Anel de reza") -> Anel de reza | C9: =IFERROR(__xludf.DUMMYFUNCTION("""COMPUTED_VALUE"""),"Anel") -> Anel | D9: =IFERROR(__xludf.DUMMYFUNCTION("""COMPUTED_VALUE"""),27.0) -> 27 | E9: =IFERROR(__xludf.DUMMYFUNCTION("""COMPUTED_VALUE"""),"Reviver 1") -> Reviver 1 | F9: =IFERROR(__xludf.DUMMYFUNCTION("""COMPUTED_VALUE"""),"Impecável") -> Impecável | G9: =IFERROR(__xludf.DUMMYFUNCTION("""COMPUTED_VALUE"""),"Revive um companheiro derrotado 5% das vezes") -> Revive um companheiro derrotado 5% das vezes | H9: =IFERROR(__xludf.DUMMYFUNCTION("""COMPUTED_VALUE"""),TRUE) -> TRUE
B10: =IFERROR(__xludf.DUMMYFUNCTION("""COMPUTED_VALUE"""),"Marca Divina") -> Marca Divina | C10: =IFERROR(__xludf.DUMMYFUNCTION("""COMPUTED_VALUE"""),"Anel") -> Anel | D10: =IFERROR(__xludf.DUMMYFUNCTION("""COMPUTED_VALUE"""),34.0) -> 34 | E10: =IFERROR(__xludf.DUMMYFUNCTION("""COMPUTED_VALUE"""),"Amazona 1") -> Amazona 1 | F10: =IFERROR(__xludf.DUMMYFUNCTION("""COMPUTED_VALUE"""),"Épico") -> Épico | G10: =IFERROR(__xludf.DUMMYFUNCTION("""COMPUTED_VALUE"""),"Aumenta a taxa de sobrevivência de membros femininos do grupo em 5%") -> Aumenta a taxa de sobrevivência de membros femininos do grupo em 5% | H10: =IFERROR(__xludf.DUMMYFUNCTION("""COMPUTED_VALUE"""),TRUE) -> TRUE
B11: =IFERROR(__xludf.DUMMYFUNCTION("""COMPUTED_VALUE"""),"Anel real") -> Anel real | C11: =IFERROR(__xludf.DUMMYFUNCTION("""COMPUTED_VALUE"""),"Anel") -> Anel | D11: =IFERROR(__xludf.DUMMYFUNCTION("""COMPUTED_VALUE"""),36.0) -> 36 | E11: =IFERROR(__xludf.DUMMYFUNCTION("""COMPUTED_VALUE"""),"Líder 1") -> Líder 1 | F11: =IFERROR(__xludf.DUMMYFUNCTION("""COMPUTED_VALUE"""),"Lendário") -> Lendário | G11: =IFERROR(__xludf.DUMMYFUNCTION("""COMPUTED_VALUE"""),"Aumenta o número de companheiros em +1") -> Aumenta o número de companheiros em +1 | H11: =IFERROR(__xludf.DUMMYFUNCTION("""COMPUTED_VALUE"""),TRUE) -> TRUE
B12: =IFERROR(__xludf.DUMMYFUNCTION("""COMPUTED_VALUE"""),"Oráculo") -> Oráculo | C12: =IFERROR(__xludf.DUMMYFUNCTION("""COMPUTED_VALUE"""),"Anel") -> Anel | D12: =IFERROR(__xludf.DUMMYFUNCTION("""COMPUTED_VALUE"""),39.0) -> 39 | E12: =IFERROR(__xludf.DUMMYFUNCTION("""COMPUTED_VALUE"""),"Reviver 1") -> Reviver 1 | F12: =IFERROR(__xludf.DUMMYFUNCTION("""COMPUTED_VALUE"""),"Lendário") -> Lendário | G12: =IFERROR(__xludf.DUMMYFUNCTION("""COMPUTED_VALUE"""),"Revive um companheiro derrotado 5% das vezes") -> Revive um companheiro derrotado 5% das vezes | H12: =IFERROR(__xludf.DUMMYFUNCTION("""COMPUTED_VALUE"""),TRUE) -> TRUE
B13: =IFERROR(__xludf.DUMMYFUNCTION("""COMPUTED_VALUE"""),"Anel Místico") -> Anel Místico | C13: =IFERROR(__xludf.DUMMYFUNCTION("""COMPUTED_VALUE"""),"Anel") -> Anel | D13: =IFERROR(__xludf.DUMMYFUNCTION("""COMPUTED_VALUE"""),40.0) -> 40 | E13: =IFERROR(__xludf.DUMMYFUNCTION("""COMPUTED_VALUE"""),"Curandeiro 2") -> Curandeiro 2 | F13: =IFERROR(__xludf.DUMMYFUNCTION("""COMPUTED_VALUE"""),"Lendário") -> Lendário | G13: =IFERROR(__xludf.DUMMYFUNCTION("""COMPUTED_VALUE"""),"Reduz o tempo de cura de companheiros em 25%") -> Reduz o tempo de cura de companheiros em 25% | H13: =IFERROR(__xludf.DUMMYFUNCTION("""COMPUTED_VALUE"""),TRUE) -> TRUE
B14: =IFERROR(__xludf.DUMMYFUNCTION("""COMPUTED_VALUE"""),"Anel Grotesco") -> Anel Grotesco | C14: =IFERROR(__xludf.DUMMYFUNCTION("""COMPUTED_VALUE"""),"Anel") -> Anel | D14: =IFERROR(__xludf.DUMMYFUNCTION("""COMPUTED_VALUE"""),43.0) -> 43 | E14: =IFERROR(__xludf.DUMMYFUNCTION("""COMPUTED_VALUE"""),"Detectar segredo") -> Detectar segredo | F14: =IFERROR(__xludf.DUMMYFUNCTION("""COMPUTED_VALUE"""),"Épico") -> Épico | G14: =IFERROR(__xludf.DUMMYFUNCTION("""COMPUTED_VALUE"""),"Aumenta o número máximo de artefatos e itens de raid encontrados por cada membro do grupo em +1") -> Aumenta o número máximo de artefatos e itens de raid encontrados por cada membro do grupo em +1 | H14: =IFERROR(__xludf.DUMMYFUNCTION("""COMPUTED_VALUE"""),TRUE) -> TRUE
B15: =IFERROR(__xludf.DUMMYFUNCTION("""COMPUTED_VALUE"""),"Anel Azulado") -> Anel Azulado | C15: =IFERROR(__xludf.DUMMYFUNCTION("""COMPUTED_VALUE"""),"Anel") -> Anel | D15: =IFERROR(__xludf.DUMMYFUNCTION("""COMPUTED_VALUE"""),45.0) -> 45 | E15: =IFERROR(__xludf.DUMMYFUNCTION("""COMPUTED_VALUE"""),"Revide") -> Revide | F15: =IFERROR(__xludf.DUMMYFUNCTION("""COMPUTED_VALUE"""),"Lendário") -> Lendário | G15: =IFERROR(__xludf.DUMMYFUNCTION("""COMPUTED_VALUE"""),"Aumenta a força do equipamento em 20%") -> Aumenta a força do equipamento em 20% | H15: =IFERROR(__xludf.DUMMYFUNCTION("""COMPUTED_VALUE"""),TRUE) -> TRUE
B16: =IFERROR(__xludf.DUMMYFUNCTION("""COMPUTED_VALUE"""),"Anel de casamento") -> Anel de casamento | C16: =IFERROR(__xludf.DUMMYFUNCTION("""COMPUTED_VALUE"""),"Anel") -> Anel | D16: =IFERROR(__xludf.DUMMYFUNCTION("""COMPUTED_VALUE"""),46.0) -> 46 | E16: =IFERROR(__xludf.DUMMYFUNCTION("""COMPUTED_VALUE"""),"Protetor 2") -> Protetor 2 | F16: =IFERROR(__xludf.DUMMYFUNCTION("""COMPUTED_VALUE"""),"Lendário") -> Lendário | G16: =IFERROR(__xludf.DUMMYFUNCTION("""COMPUTED_VALUE"""),"Aumenta a taxa de sobrevivência do grupo em 5%") -> Aumenta a taxa de sobrevivência do grupo em 5% | H16: =IFERROR(__xludf.DUMMYFUNCTION("""COMPUTED_VALUE"""),TRUE) -> TRUE
B17: =IFERROR(__xludf.DUMMYFUNCTION("""COMPUTED_VALUE"""),"Círculo de antimagia") -> Círculo de antimagia | C17: =IFERROR(__xludf.DUMMYFUNCTION("""COMPUTED_VALUE"""),"Anel") -> Anel | D17: =IFERROR(__xludf.DUMMYFUNCTION("""COMPUTED_VALUE"""),50.0) -> 50 | E17: =IFERROR(__xludf.DUMMYFUNCTION("""COMPUTED_VALUE"""),"Armadura do Mago") -> Armadura do Mago | F17: =IFERROR(__xludf.DUMMYFUNCTION("""COMPUTED_VALUE"""),"Épico") -> Épico | G17: =IFERROR(__xludf.DUMMYFUNCTION("""COMPUTED_VALUE"""),"Aumenta a força do equipamento em 25%") -> Aumenta a força do equipamento em 25% | H17: =IFERROR(__xludf.DUMMYFUNCTION("""COMPUTED_VALUE"""),TRUE) -> TRUE
B18: =IFERROR(__xludf.DUMMYFUNCTION("""COMPUTED_VALUE"""),"Anel de Midas") -> Anel de Midas | C18: =IFERROR(__xludf.DUMMYFUNCTION("""COMPUTED_VALUE"""),"Anel") -> Anel | D18: =IFERROR(__xludf.DUMMYFUNCTION("""COMPUTED_VALUE"""),53.0) -> 53 | E18: =IFERROR(__xludf.DUMMYFUNCTION("""COMPUTED_VALUE"""),"Ganancioso 3") -> Ganancioso 3 | F18: =IFERROR(__xludf.DUMMYFUNCTION("""COMPUTED_VALUE"""),"Mítico") -> Mítico | G18: =IFERROR(__xludf.DUMMYFUNCTION("""COMPUTED_VALUE"""),"Encontra mais 200% de ouro durante as missões") -> Encontra mais 200% de ouro durante as missões | H18: =IFERROR(__xludf.DUMMYFUNCTION("""COMPUTED_VALUE"""),TRUE) -> TRUE
B19: =IFERROR(__xludf.DUMMYFUNCTION("""COMPUTED_VALUE"""),"Anel do Conhecimento") -> Anel do Conhecimento | C19: =IFERROR(__xludf.DUMMYFUNCTION("""COMPUTED_VALUE"""),"Anel") -> Anel | D19: =IFERROR(__xludf.DUMMYFUNCTION("""COMPUTED_VALUE"""),58.0) -> 58 | E19: =IFERROR(__xludf.DUMMYFUNCTION("""COMPUTED_VALUE"""),"Encontrar mágica") -> Encontrar mágica | F19: =IFERROR(__xludf.DUMMYFUNCTION("""COMPUTED_VALUE"""),"Mítico") -> Mítico | G19: =IFERROR(__xludf.DUMMYFUNCTION("""COMPUTED_VALUE"""),"Aumenta o número máximo de artefatos e itens de raid encontrados por cada membro do grupo em +2") -> Aumenta o número máximo de artefatos e itens de raid encontrados por cada membro do grupo em +2 | H19: =IFERROR(__xludf.DUMMYFUNCTION("""COMPUTED_VALUE"""),TRUE) -> TRUE
B20: =IFERROR(__xludf.DUMMYFUNCTION("""COMPUTED_VALUE"""),"Poedor do Sol") -> Poedor do Sol | C20: =IFERROR(__xludf.DUMMYFUNCTION("""COMPUTED_VALUE"""),"Arco") -> Arco | D20: =IFERROR(__xludf.DUMMYFUNCTION("""COMPUTED_VALUE"""),6.0) -> 6 | E20: =IFERROR(__xludf.DUMMYFUNCTION("""COMPUTED_VALUE"""),"Velocista 1") -> Velocista 1 | F20: =IFERROR(__xludf.DUMMYFUNCTION("""COMPUTED_VALUE"""),"Lendário") -> Lendário | G20: =IFERROR(__xludf.DUMMYFUNCTION("""COMPUTED_VALUE"""),"Reduz a duração da missão em 10%") -> Reduz a duração da missão em 10% | H20: =IFERROR(__xludf.DUMMYFUNCTION("""COMPUTED_VALUE"""),TRUE) -> TRUE
B21: =IFERROR(__xludf.DUMMYFUNCTION("""COMPUTED_VALUE"""),"Olho de falcão") -> Olho de falcão | C21: =IFERROR(__xludf.DUMMYFUNCTION("""COMPUTED_VALUE"""),"Arco") -> Arco | D21: =IFERROR(__xludf.DUMMYFUNCTION("""COMPUTED_VALUE"""),8.0) -> 8 | E21: =IFERROR(__xludf.DUMMYFUNCTION("""COMPUTED_VALUE"""),"Energético 1") -> Energético 1 | F21: =IFERROR(__xludf.DUMMYFUNCTION("""COMPUTED_VALUE"""),"Impecável") -> Impecável | G21: =IFERROR(__xludf.DUMMYFUNCTION("""COMPUTED_VALUE"""),"Reduz o tempo de espera depois da missão em 50%") -> Reduz o tempo de espera depois da missão em 50% | H21: =IFERROR(__xludf.DUMMYFUNCTION("""COMPUTED_VALUE"""),TRUE) -> TRUE
B22: =IFERROR(__xludf.DUMMYFUNCTION("""COMPUTED_VALUE"""),"Autocarregador") -> Autocarregador | C22: =IFERROR(__xludf.DUMMYFUNCTION("""COMPUTED_VALUE"""),"Arco") -> Arco | D22: =IFERROR(__xludf.DUMMYFUNCTION("""COMPUTED_VALUE"""),18.0) -> 18 | E22: =IFERROR(__xludf.DUMMYFUNCTION("""COMPUTED_VALUE"""),"Sortudo 1") -> Sortudo 1 | F22: =IFERROR(__xludf.DUMMYFUNCTION("""COMPUTED_VALUE"""),"Impecável") -> Impecável | G22: =IFERROR(__xludf.DUMMYFUNCTION("""COMPUTED_VALUE"""),"Evita ferimentos 10% das vezes") -> Evita ferimentos 10% das vezes | H22: =IFERROR(__xludf.DUMMYFUNCTION("""COMPUTED_VALUE"""),TRUE) -> TRUE
B23: =IFERROR(__xludf.DUMMYFUNCTION("""COMPUTED_VALUE"""),"Olho de águia") -> Olho de águia | C23: =IFERROR(__xludf.DUMMYFUNCTION("""COMPUTED_VALUE"""),"Arco") -> Arco | D23: =IFERROR(__xludf.DUMMYFUNCTION("""COMPUTED_VALUE"""),21.0) -> 21 | E23: =IFERROR(__xludf.DUMMYFUNCTION("""COMPUTED_VALUE"""),"Cuidadoso 1") -> Cuidadoso 1 | F23: =IFERROR(__xludf.DUMMYFUNCTION("""COMPUTED_VALUE"""),"Épico") -> Épico | G23: =IFERROR(__xludf.DUMMYFUNCTION("""COMPUTED_VALUE"""),"Diminui a chance de quebra de equipamento em 15% das vezes") -> Diminui a chance de quebra de equipamento em 15% das vezes | H23: =IFERROR(__xludf.DUMMYFUNCTION("""COMPUTED_VALUE"""),TRUE) -> TRUE
B24: =IFERROR(__xludf.DUMMYFUNCTION("""COMPUTED_VALUE"""),"Evelyn") -> Evelyn | C24: =IFERROR(__xludf.DUMMYFUNCTION("""COMPUTED_VALUE"""),"Arco") -> Arco | D24: =IFERROR(__xludf.DUMMYFUNCTION("""COMPUTED_VALUE"""),35.0) -> 35 | E24: =IFERROR(__xludf.DUMMYFUNCTION("""COMPUTED_VALUE"""),"Caça-tesouros 1") -> Caça-tesouros 1 | F24: =IFERROR(__xludf.DUMMYFUNCTION("""COMPUTED_VALUE"""),"Épico") -> Épico | G24: =IFERROR(__xludf.DUMMYFUNCTION("""COMPUTED_VALUE"""),"Aumenta o número máximo de artefatos e itens de raid encontrados em +2") -> Aumenta o número máximo de artefatos e itens de raid encontrados em +2 | H24: =IFERROR(__xludf.DUMMYFUNCTION("""COMPUTED_VALUE"""),TRUE) -> TRUE
B25: =IFERROR(__xludf.DUMMYFUNCTION("""COMPUTED_VALUE"""),"Olho de dragão") -> Olho de dragão | C25: =IFERROR(__xludf.DUMMYFUNCTION("""COMPUTED_VALUE"""),"Arco") -> Arco | D25: =IFERROR(__xludf.DUMMYFUNCTION("""COMPUTED_VALUE"""),37.0) -> 37 | E25: =IFERROR(__xludf.DUMMYFUNCTION("""COMPUTED_VALUE"""),"Fornecedor 1") -> Fornecedor 1 | F25: =IFERROR(__xludf.DUMMYFUNCTION("""COMPUTED_VALUE"""),"Lendário") -> Lendário | G25: =IFERROR(__xludf.DUMMYFUNCTION("""COMPUTED_VALUE"""),"Reduz a chance de companheiros quebrarem o equipamento em 5%") -> Reduz a chance de companheiros quebrarem o equipamento em 5% | H25: =IFERROR(__xludf.DUMMYFUNCTION("""COMPUTED_VALUE"""),TRUE) -> TRUE
B26: =IFERROR(__xludf.DUMMYFUNCTION("""COMPUTED_VALUE"""),"Besta de adamantium") -> Besta de adamantium | C26: =IFERROR(__xludf.DUMMYFUNCTION("""COMPUTED_VALUE"""),"Arco") -> Arco | D26: =IFERROR(__xludf.DUMMYFUNCTION("""COMPUTED_VALUE"""),39.0) -> 39 | E26: =IFERROR(__xludf.DUMMYFUNCTION("""COMPUTED_VALUE"""),"Suporte 1") -> Suporte 1 | F26: =IFERROR(__xludf.DUMMYFUNCTION("""COMPUTED_VALUE"""),"Lendário") -> Lendário | G26: =IFERROR(__xludf.DUMMYFUNCTION("""COMPUTED_VALUE"""),"Impede que o equipamento de um companheiro se quebre 1 vez") -> Impede que o equipamento de um companheiro se quebre 1 vez | H26: =IFERROR(__xludf.DUMMYFUNCTION("""COMPUTED_VALUE"""),TRUE) -> TRUE
B27: =IFERROR(__xludf.DUMMYFUNCTION("""COMPUTED_VALUE"""),"Besta de repetição") -> Besta de repetição | C27: =IFERROR(__xludf.DUMMYFUNCTION("""COMPUTED_VALUE"""),"Arco") -> Arco | D27: =IFERROR(__xludf.DUMMYFUNCTION("""COMPUTED_VALUE"""),42.0) -> 42 | E27: =IFERROR(__xludf.DUMMYFUNCTION("""COMPUTED_VALUE"""),"Berserker") -> Berserker | F27: =IFERROR(__xludf.DUMMYFUNCTION("""COMPUTED_VALUE"""),"Mítico") -> Mítico | G27: =IFERROR(__xludf.DUMMYFUNCTION("""COMPUTED_VALUE"""),"Aumenta a força em 35%") -> Aumenta a força em 35% | H27: =IFERROR(__xludf.DUMMYFUNCTION("""COMPUTED_VALUE"""),TRUE) -> TRUE
B28: =IFERROR(__xludf.DUMMYFUNCTION("""COMPUTED_VALUE"""),"Arco dos elfos") -> Arco dos elfos | C28: =IFERROR(__xludf.DUMMYFUNCTION("""COMPUTED_VALUE"""),"Arco") -> Arco | D28: =IFERROR(__xludf.DUMMYFUNCTION("""COMPUTED_VALUE"""),43.0) -> 43 | E28: =IFERROR(__xludf.DUMMYFUNCTION("""COMPUTED_VALUE"""),"Detectar segredo") -> Detectar segredo | F28: =IFERROR(__xludf.DUMMYFUNCTION("""COMPUTED_VALUE"""),"Mítico") -> Mítico | G28: =IFERROR(__xludf.DUMMYFUNCTION("""COMPUTED_VALUE"""),"Aumenta o número máximo de artefatos e itens de raid encontrados por cada membro do grupo em +1") -> Aumenta o número máximo de artefatos e itens de raid encontrados por cada membro do grupo em +1 | H28: =IFERROR(__xludf.DUMMYFUNCTION("""COMPUTED_VALUE"""),TRUE) -> TRUE
B29: =IFERROR(__xludf.DUMMYFUNCTION("""COMPUTED_VALUE"""),"Arco do deus do sol") -> Arco do deus do sol | C29: =IFERROR(__xludf.DUMMYFUNCTION("""COMPUTED_VALUE"""),"Arco") -> Arco | D29: =IFERROR(__xludf.DUMMYFUNCTION("""COMPUTED_VALUE"""),45.0) -> 45 | E29: =IFERROR(__xludf.DUMMYFUNCTION("""COMPUTED_VALUE"""),"Sábio 1") -> Sábio 1 | F29: =IFERROR(__xludf.DUMMYFUNCTION("""COMPUTED_VALUE"""),"Mítico") -> Mítico | G29: =IFERROR(__xludf.DUMMYFUNCTION("""COMPUTED_VALUE"""),"25% de bônus de experiência") -> 25% de bônus de experiência | H29: =IFERROR(__xludf.DUMMYFUNCTION("""COMPUTED_VALUE"""),TRUE) -> TRUE
B30: =IFERROR(__xludf.DUMMYFUNCTION("""COMPUTED_VALUE"""),"Fura-Vento") -> Fura-Vento | C30: =IFERROR(__xludf.DUMMYFUNCTION("""COMPUTED_VALUE"""),"Arco") -> Arco | D30: =IFERROR(__xludf.DUMMYFUNCTION("""COMPUTED_VALUE"""),48.0) -> 48 | E30: =IFERROR(__xludf.DUMMYFUNCTION("""COMPUTED_VALUE"""),"Gangster 2") -> Gangster 2 | F30: =IFERROR(__xludf.DUMMYFUNCTION("""COMPUTED_VALUE"""),"Lendário") -> Lendário | G30: =IFERROR(__xludf.DUMMYFUNCTION("""COMPUTED_VALUE"""),"Aumenta a força do equipamento em 25%") -> Aumenta a força do equipamento em 25% | H30: =IFERROR(__xludf.DUMMYFUNCTION("""COMPUTED_VALUE"""),TRUE) -> TRUE
B31: =IFERROR(__xludf.DUMMYFUNCTION("""COMPUTED_VALUE"""),"Assassino licantropo") -> Assassino licantropo | C31: =IFERROR(__xludf.DUMMYFUNCTION("""COMPUTED_VALUE"""),"Arco") -> Arco | D31: =IFERROR(__xludf.DUMMYFUNCTION("""COMPUTED_VALUE"""),50.0) -> 50 | E31: =IFERROR(__xludf.DUMMYFUNCTION("""COMPUTED_VALUE"""),"Detectar segredo") -> Detectar segredo | F31: =IFERROR(__xludf.DUMMYFUNCTION("""COMPUTED_VALUE"""),"Mítico") -> Mítico | G31: =IFERROR(__xludf.DUMMYFUNCTION("""COMPUTED_VALUE"""),"Aumenta o número máximo de artefatos e itens de raid encontrados por cada membro do grupo em +1") -> Aumenta o número máximo de artefatos e itens de raid encontrados por cada membro do grupo em +1 | H31: =IFERROR(__xludf.DUMMYFUNCTION("""COMPUTED_VALUE"""),TRUE) -> TRUE
B32: =IFERROR(__xludf.DUMMYFUNCTION("""COMPUTED_VALUE"""),"Arco de Artemisa") -> Arco de Artemisa | C32: =IFERROR(__xludf.DUMMYFUNCTION("""COMPUTED_VALUE"""),"Arco") -> Arco | D32: =IFERROR(__xludf.DUMMYFUNCTION("""COMPUTED_VALUE"""),54.0) -> 54 | E32: =IFERROR(__xludf.DUMMYFUNCTION("""COMPUTED_VALUE"""),"Engenhoso 2") -> Engenhoso 2 | F32: =IFERROR(__xludf.DUMMYFUNCTION("""COMPUTED_VALUE"""),"Mítico") -> Mítico | G32: =IFERROR(__xludf.DUMMYFUNCTION("""COMPUTED_VALUE"""),"Impede que 2 peças de equipamento se quebre durante a missão") -> Impede que 2 peças de equipamento se quebre durante a missão | H32: =IFERROR(__xludf.DUMMYFUNCTION("""COMPUTED_VALUE"""),TRUE) -> TRUE
B33: =IFERROR(__xludf.DUMMYFUNCTION("""COMPUTED_VALUE"""),"Meteoros") -> Meteoros | C33: =IFERROR(__xludf.DUMMYFUNCTION("""COMPUTED_VALUE"""),"Arco") -> Arco | D33: =IFERROR(__xludf.DUMMYFUNCTION("""COMPUTED_VALUE"""),55.0) -> 55 | E33: =IFERROR(__xludf.DUMMYFUNCTION("""COMPUTED_VALUE"""),"Caça-tesouros 3") -> Caça-tesouros 3 | F33: =IFERROR(__xludf.DUMMYFUNCTION("""COMPUTED_VALUE"""),"Épico") -> Épico | G33: =IFERROR(__xludf.DUMMYFUNCTION("""COMPUTED_VALUE"""),"Aumenta o número máximo de artefatos e itens de raid encontrados em +6") -> Aumenta o número máximo de artefatos e itens de raid encontrados em +6 | H33: =IFERROR(__xludf.DUMMYFUNCTION("""COMPUTED_VALUE"""),TRUE) -> TRUE
B34: =IFERROR(__xludf.DUMMYFUNCTION("""COMPUTED_VALUE"""),"Fúria da Natureza") -> Fúria da Natureza | C34: =IFERROR(__xludf.DUMMYFUNCTION("""COMPUTED_VALUE"""),"Arco") -> Arco | D34: =IFERROR(__xludf.DUMMYFUNCTION("""COMPUTED_VALUE"""),56.0) -> 56 | E34: =IFERROR(__xludf.DUMMYFUNCTION("""COMPUTED_VALUE"""),"Energético 3") -> Energético 3 | F34: =IFERROR(__xludf.DUMMYFUNCTION("""COMPUTED_VALUE"""),"Épico") -> Épico | G34: =IFERROR(__xludf.DUMMYFUNCTION("""COMPUTED_VALUE"""),"Reduz o tempo de espera depois da missão em 100%") -> Reduz o tempo de espera depois da missão em 100% | H34: =IFERROR(__xludf.DUMMYFUNCTION("""COMPUTED_VALUE"""),TRUE) -> TRUE
B35: =IFERROR(__xludf.DUMMYFUNCTION("""COMPUTED_VALUE"""),"Armadura Lunar") -> Armadura Lunar | C35: =IFERROR(__xludf.DUMMYFUNCTION("""COMPUTED_VALUE"""),"Armadura") -> Armadura | D35: =IFERROR(__xludf.DUMMYFUNCTION("""COMPUTED_VALUE"""),10.0) -> 10 | E35: =IFERROR(__xludf.DUMMYFUNCTION("""COMPUTED_VALUE"""),"Caça-tesouros 1") -> Caça-tesouros 1 | F35: =IFERROR(__xludf.DUMMYFUNCTION("""COMPUTED_VALUE"""),"Impecável") -> Impecável | G35: =IFERROR(__xludf.DUMMYFUNCTION("""COMPUTED_VALUE"""),"Aumenta o número máximo de artefatos e itens de raid encontrados em +2") -> Aumenta o número máximo de artefatos e itens de raid encontrados em +2 | H35: =IFERROR(__xludf.DUMMYFUNCTION("""COMPUTED_VALUE"""),TRUE) -> TRUE
B36: =IFERROR(__xludf.DUMMYFUNCTION("""COMPUTED_VALUE"""),"Armadura Nobre") -> Armadura Nobre | C36: =IFERROR(__xludf.DUMMYFUNCTION("""COMPUTED_VALUE"""),"Armadura") -> Armadura | D36: =IFERROR(__xludf.DUMMYFUNCTION("""COMPUTED_VALUE"""),18.0) -> 18 | E36: =IFERROR(__xludf.DUMMYFUNCTION("""COMPUTED_VALUE"""),"Suporte 1") -> Suporte 1 | F36: =IFERROR(__xludf.DUMMYFUNCTION("""COMPUTED_VALUE"""),"Impecável") -> Impecável | G36: =IFERROR(__xludf.DUMMYFUNCTION("""COMPUTED_VALUE"""),"Impede que o equipamento de um companheiro se quebre 1 vez") -> Impede que o equipamento de um companheiro se quebre 1 vez | H36: =IFERROR(__xludf.DUMMYFUNCTION("""COMPUTED_VALUE"""),TRUE) -> TRUE
B37: =IFERROR(__xludf.DUMMYFUNCTION("""COMPUTED_VALUE"""),"Correio de Honra") -> Correio de Honra | C37: =IFERROR(__xludf.DUMMYFUNCTION("""COMPUTED_VALUE"""),"Armadura") -> Armadura | D37: =IFERROR(__xludf.DUMMYFUNCTION("""COMPUTED_VALUE"""),24.0) -> 24 | E37: =IFERROR(__xludf.DUMMYFUNCTION("""COMPUTED_VALUE"""),"Reviver 2") -> Reviver 2 | F37: =IFERROR(__xludf.DUMMYFUNCTION("""COMPUTED_VALUE"""),"Lendário") -> Lendário | G37: =IFERROR(__xludf.DUMMYFUNCTION("""COMPUTED_VALUE"""),"Revive um companheiro derrotado 10% das vezes") -> Revive um companheiro derrotado 10% das vezes | H37: =IFERROR(__xludf.DUMMYFUNCTION("""COMPUTED_VALUE"""),TRUE) -> TRUE
B38: =IFERROR(__xludf.DUMMYFUNCTION("""COMPUTED_VALUE"""),"Armadura do Caos") -> Armadura do Caos | C38: =IFERROR(__xludf.DUMMYFUNCTION("""COMPUTED_VALUE"""),"Armadura") -> Armadura | D38: =IFERROR(__xludf.DUMMYFUNCTION("""COMPUTED_VALUE"""),25.0) -> 25 | E38: =IFERROR(__xludf.DUMMYFUNCTION("""COMPUTED_VALUE"""),"Resistente 1") -> Resistente 1 | F38: =IFERROR(__xludf.DUMMYFUNCTION("""COMPUTED_VALUE"""),"Épico") -> Épico | G38: =IFERROR(__xludf.DUMMYFUNCTION("""COMPUTED_VALUE"""),"Obtém pelo menos 25% de experiência quando ferido e a missão é bem sucedida") -> Obtém pelo menos 25% de experiência quando ferido e a missão é bem sucedida | H38: =IFERROR(__xludf.DUMMYFUNCTION("""COMPUTED_VALUE"""),TRUE) -> TRUE
B39: =IFERROR(__xludf.DUMMYFUNCTION("""COMPUTED_VALUE"""),"Malha Eldritch") -> Malha Eldritch | C39: =IFERROR(__xludf.DUMMYFUNCTION("""COMPUTED_VALUE"""),"Armadura") -> Armadura | D39: =IFERROR(__xludf.DUMMYFUNCTION("""COMPUTED_VALUE"""),35.0) -> 35 | E39: =IFERROR(__xludf.DUMMYFUNCTION("""COMPUTED_VALUE"""),"Sortudo 1") -> Sortudo 1 | F39: =IFERROR(__xludf.DUMMYFUNCTION("""COMPUTED_VALUE"""),"Épico") -> Épico | G39: =IFERROR(__xludf.DUMMYFUNCTION("""COMPUTED_VALUE"""),"Evita ferimentos 10% das vezes") -> Evita ferimentos 10% das vezes | H39: =IFERROR(__xludf.DUMMYFUNCTION("""COMPUTED_VALUE"""),TRUE) -> TRUE
B40: =IFERROR(__xludf.DUMMYFUNCTION("""COMPUTED_VALUE"""),"Fortaleza de Gaia") -> Fortaleza de Gaia | C40: =IFERROR(__xludf.DUMMYFUNCTION("""COMPUTED_VALUE"""),"Armadura") -> Armadura | D40: =IFERROR(__xludf.DUMMYFUNCTION("""COMPUTED_VALUE"""),38.0) -> 38 | E40: =IFERROR(__xludf.DUMMYFUNCTION("""COMPUTED_VALUE"""),"Comandante 1") -> Comandante 1 | F40: =IFERROR(__xludf.DUMMYFUNCTION("""COMPUTED_VALUE"""),"Lendário") -> Lendário | G40: =IFERROR(__xludf.DUMMYFUNCTION("""COMPUTED_VALUE"""),"Aumenta a força dos guerreiros do grupo em 15%") -> Aumenta a força dos guerreiros do grupo em 15% | H40: =IFERROR(__xludf.DUMMYFUNCTION("""COMPUTED_VALUE"""),TRUE) -> TRUE
B41: =IFERROR(__xludf.DUMMYFUNCTION("""COMPUTED_VALUE"""),"Armadura Dragônica") -> Armadura Dragônica | C41: =IFERROR(__xludf.DUMMYFUNCTION("""COMPUTED_VALUE"""),"Armadura") -> Armadura | D41: =IFERROR(__xludf.DUMMYFUNCTION("""COMPUTED_VALUE"""),39.0) -> 39 | E41: =IFERROR(__xludf.DUMMYFUNCTION("""COMPUTED_VALUE"""),"Protetor 1") -> Protetor 1 | F41: =IFERROR(__xludf.DUMMYFUNCTION("""COMPUTED_VALUE"""),"Lendário") -> Lendário | G41: =IFERROR(__xludf.DUMMYFUNCTION("""COMPUTED_VALUE"""),"Aumenta a taxa de sobrevivência do grupo em 2%") -> Aumenta a taxa de sobrevivência do grupo em 2% | H41: =IFERROR(__xludf.DUMMYFUNCTION("""COMPUTED_VALUE"""),TRUE) -> TRUE
B42: =IFERROR(__xludf.DUMMYFUNCTION("""COMPUTED_VALUE"""),"Malha da Terra") -> Malha da Terra | C42: =IFERROR(__xludf.DUMMYFUNCTION("""COMPUTED_VALUE"""),"Armadura") -> Armadura | D42: =IFERROR(__xludf.DUMMYFUNCTION("""COMPUTED_VALUE"""),46.0) -> 46 | E42: =IFERROR(__xludf.DUMMYFUNCTION("""COMPUTED_VALUE"""),"Pele de pedra") -> Pele de pedra | F42: =IFERROR(__xludf.DUMMYFUNCTION("""COMPUTED_VALUE"""),"Lendário") -> Lendário | G42: =IFERROR(__xludf.DUMMYFUNCTION("""COMPUTED_VALUE"""),"Aumenta a força em 30%") -> Aumenta a força em 30% | H42: =IFERROR(__xludf.DUMMYFUNCTION("""COMPUTED_VALUE"""),TRUE) -> TRUE
B43: =IFERROR(__xludf.DUMMYFUNCTION("""COMPUTED_VALUE"""),"Armadura do Oráculo") -> Armadura do Oráculo | C43: =IFERROR(__xludf.DUMMYFUNCTION("""COMPUTED_VALUE"""),"Armadura") -> Armadura | D43: =IFERROR(__xludf.DUMMYFUNCTION("""COMPUTED_VALUE"""),49.0) -> 49 | E43: =IFERROR(__xludf.DUMMYFUNCTION("""COMPUTED_VALUE"""),"Armadura do Mago") -> Armadura do Mago | F43: =IFERROR(__xludf.DUMMYFUNCTION("""COMPUTED_VALUE"""),"Épico") -> Épico | G43: =IFERROR(__xludf.DUMMYFUNCTION("""COMPUTED_VALUE"""),"Aumenta a força do equipamento em 25%") -> Aumenta a força do equipamento em 25% | H43: =IFERROR(__xludf.DUMMYFUNCTION("""COMPUTED_VALUE"""),TRUE) -> TRUE
B44: =IFERROR(__xludf.DUMMYFUNCTION("""COMPUTED_VALUE"""),"Malha negra") -> Malha negra | C44: =IFERROR(__xludf.DUMMYFUNCTION("""COMPUTED_VALUE"""),"Armadura") -> Armadura | D44: =IFERROR(__xludf.DUMMYFUNCTION("""COMPUTED_VALUE"""),53.0) -> 53 | E44: =IFERROR(__xludf.DUMMYFUNCTION("""COMPUTED_VALUE"""),"Protetor 2") -> Protetor 2 | F44: =IFERROR(__xludf.DUMMYFUNCTION("""COMPUTED_VALUE"""),"Mítico") -> Mítico | G44: =IFERROR(__xludf.DUMMYFUNCTION("""COMPUTED_VALUE"""),"Aumenta a taxa de sobrevivência do grupo em 5%") -> Aumenta a taxa de sobrevivência do grupo em 5% | H44: =IFERROR(__xludf.DUMMYFUNCTION("""COMPUTED_VALUE"""),TRUE) -> TRUE
B45: =IFERROR(__xludf.DUMMYFUNCTION("""COMPUTED_VALUE"""),"Wyvern Plate") -> Wyvern Plate | C45: =IFERROR(__xludf.DUMMYFUNCTION("""COMPUTED_VALUE"""),"Armadura") -> Armadura | D45: =IFERROR(__xludf.DUMMYFUNCTION("""COMPUTED_VALUE"""),58.0) -> 58 | E45: =IFERROR(__xludf.DUMMYFUNCTION("""COMPUTED_VALUE"""),"Suporte 3") -> Suporte 3 | F45: =IFERROR(__xludf.DUMMYFUNCTION("""COMPUTED_VALUE"""),"Mítico") -> Mítico | G45: =IFERROR(__xludf.DUMMYFUNCTION("""COMPUTED_VALUE"""),"Impede que o equipamento de um companheiro se quebre 3 vezes") -> Impede que o equipamento de um companheiro se quebre 3 vezes | H45: =IFERROR(__xludf.DUMMYFUNCTION("""COMPUTED_VALUE"""),TRUE) -> TRUE
B46: =IFERROR(__xludf.DUMMYFUNCTION("""COMPUTED_VALUE"""),"Botas da Lua") -> Botas da Lua | C46: =IFERROR(__xludf.DUMMYFUNCTION("""COMPUTED_VALUE"""),"Botas") -> Botas | D46: =IFERROR(__xludf.DUMMYFUNCTION("""COMPUTED_VALUE"""),9.0) -> 9 | E46: =IFERROR(__xludf.DUMMYFUNCTION("""COMPUTED_VALUE"""),"Energético 1") -> Energético 1 | F46: =IFERROR(__xludf.DUMMYFUNCTION("""COMPUTED_VALUE"""),"Impecável") -> Impecável | G46: =IFERROR(__xludf.DUMMYFUNCTION("""COMPUTED_VALUE"""),"Reduz o tempo de espera depois da missão em 50%") -> Reduz o tempo de espera depois da missão em 50% | H46: =IFERROR(__xludf.DUMMYFUNCTION("""COMPUTED_VALUE"""),TRUE) -> TRUE
B47: =IFERROR(__xludf.DUMMYFUNCTION("""COMPUTED_VALUE"""),"Botas do leão") -> Botas do leão | C47: =IFERROR(__xludf.DUMMYFUNCTION("""COMPUTED_VALUE"""),"Botas") -> Botas | D47: =IFERROR(__xludf.DUMMYFUNCTION("""COMPUTED_VALUE"""),12.0) -> 12 | E47: =IFERROR(__xludf.DUMMYFUNCTION("""COMPUTED_VALUE"""),"Líder 1") -> Líder 1 | F47: =IFERROR(__xludf.DUMMYFUNCTION("""COMPUTED_VALUE"""),"Lendário") -> Lendário | G47: =IFERROR(__xludf.DUMMYFUNCTION("""COMPUTED_VALUE"""),"Aumenta o número de companheiros em +1") -> Aumenta o número de companheiros em +1 | H47: =IFERROR(__xludf.DUMMYFUNCTION("""COMPUTED_VALUE"""),TRUE) -> TRUE
B48: =IFERROR(__xludf.DUMMYFUNCTION("""COMPUTED_VALUE"""),"Botas do Aventureiro") -> Botas do Aventureiro | C48: =IFERROR(__xludf.DUMMYFUNCTION("""COMPUTED_VALUE"""),"Botas") -> Botas | D48: =IFERROR(__xludf.DUMMYFUNCTION("""COMPUTED_VALUE"""),24.0) -> 24 | E48: =IFERROR(__xludf.DUMMYFUNCTION("""COMPUTED_VALUE"""),"Velocista 1") -> Velocista 1 | F48: =IFERROR(__xludf.DUMMYFUNCTION("""COMPUTED_VALUE"""),"Épico") -> Épico | G48: =IFERROR(__xludf.DUMMYFUNCTION("""COMPUTED_VALUE"""),"Reduz a duração da missão em 10%") -> Reduz a duração da missão em 10% | H48: =IFERROR(__xludf.DUMMYFUNCTION("""COMPUTED_VALUE"""),TRUE) -> TRUE
B49: =IFERROR(__xludf.DUMMYFUNCTION("""COMPUTED_VALUE"""),"Grevas da chama") -> Grevas da chama | C49: =IFERROR(__xludf.DUMMYFUNCTION("""COMPUTED_VALUE"""),"Botas") -> Botas | D49: =IFERROR(__xludf.DUMMYFUNCTION("""COMPUTED_VALUE"""),27.0) -> 27 | E49: =IFERROR(__xludf.DUMMYFUNCTION("""COMPUTED_VALUE"""),"Bola de fogo") -> Bola de fogo | F49: =IFERROR(__xludf.DUMMYFUNCTION("""COMPUTED_VALUE"""),"Épico") -> Épico | G49: =IFERROR(__xludf.DUMMYFUNCTION("""COMPUTED_VALUE"""),"Aumenta a força em 25%") -> Aumenta a força em 25% | H49: =IFERROR(__xludf.DUMMYFUNCTION("""COMPUTED_VALUE"""),TRUE) -> TRUE
B50: =IFERROR(__xludf.DUMMYFUNCTION("""COMPUTED_VALUE"""),"Calçados mágicos") -> Calçados mágicos | C50: =IFERROR(__xludf.DUMMYFUNCTION("""COMPUTED_VALUE"""),"Botas") -> Botas | D50: =IFERROR(__xludf.DUMMYFUNCTION("""COMPUTED_VALUE"""),30.0) -> 30 | E50: =IFERROR(__xludf.DUMMYFUNCTION("""COMPUTED_VALUE"""),"Arquimago 1") -> Arquimago 1 | F50: =IFERROR(__xludf.DUMMYFUNCTION("""COMPUTED_VALUE"""),"Épico") -> Épico | G50: =IFERROR(__xludf.DUMMYFUNCTION("""COMPUTED_VALUE"""),"Aumenta a força dos feiticeiros do grupo em 10%") -> Aumenta a força dos feiticeiros do grupo em 10% | H50: =IFERROR(__xludf.DUMMYFUNCTION("""COMPUTED_VALUE"""),TRUE) -> TRUE
B51: =IFERROR(__xludf.DUMMYFUNCTION("""COMPUTED_VALUE"""),"Pisa-em-crânios") -> Pisa-em-crânios | C51: =IFERROR(__xludf.DUMMYFUNCTION("""COMPUTED_VALUE"""),"Botas") -> Botas | D51: =IFERROR(__xludf.DUMMYFUNCTION("""COMPUTED_VALUE"""),38.0) -> 38 | E51: =IFERROR(__xludf.DUMMYFUNCTION("""COMPUTED_VALUE"""),"Esmagar") -> Esmagar | F51: =IFERROR(__xludf.DUMMYFUNCTION("""COMPUTED_VALUE"""),"Lendário") -> Lendário | G51: =IFERROR(__xludf.DUMMYFUNCTION("""COMPUTED_VALUE"""),"Aumenta a força em 25%") -> Aumenta a força em 25% | H51: =IFERROR(__xludf.DUMMYFUNCTION("""COMPUTED_VALUE"""),TRUE) -> TRUE
B52: =IFERROR(__xludf.DUMMYFUNCTION("""COMPUTED_VALUE"""),"Grevas Dracônicas") -> Grevas Dracônicas | C52: =IFERROR(__xludf.DUMMYFUNCTION("""COMPUTED_VALUE"""),"Botas") -> Botas | D52: =IFERROR(__xludf.DUMMYFUNCTION("""COMPUTED_VALUE"""),39.0) -> 39 | E52: =IFERROR(__xludf.DUMMYFUNCTION("""COMPUTED_VALUE"""),"Protetor 1") -> Protetor 1 | F52: =IFERROR(__xludf.DUMMYFUNCTION("""COMPUTED_VALUE"""),"Lendário") -> Lendário | G52: =IFERROR(__xludf.DUMMYFUNCTION("""COMPUTED_VALUE"""),"Aumenta a taxa de sobrevivência do grupo em 2%") -> Aumenta a taxa de sobrevivência do grupo em 2% | H52: =IFERROR(__xludf.DUMMYFUNCTION("""COMPUTED_VALUE"""),TRUE) -> TRUE
B53: =IFERROR(__xludf.DUMMYFUNCTION("""COMPUTED_VALUE"""),"Os Aflitos da Guerra de Kratos") -> Os Aflitos da Guerra de Kratos | C53: =IFERROR(__xludf.DUMMYFUNCTION("""COMPUTED_VALUE"""),"Botas") -> Botas | D53: =IFERROR(__xludf.DUMMYFUNCTION("""COMPUTED_VALUE"""),41.0) -> 41 | E53: =IFERROR(__xludf.DUMMYFUNCTION("""COMPUTED_VALUE"""),"Reviver 2") -> Reviver 2 | F53: =IFERROR(__xludf.DUMMYFUNCTION("""COMPUTED_VALUE"""),"Lendário") -> Lendário | G53: =IFERROR(__xludf.DUMMYFUNCTION("""COMPUTED_VALUE"""),"Revive um companheiro derrotado 10% das vezes") -> Revive um companheiro derrotado 10% das vezes | H53: =IFERROR(__xludf.DUMMYFUNCTION("""COMPUTED_VALUE"""),TRUE) -> TRUE
B54: =IFERROR(__xludf.DUMMYFUNCTION("""COMPUTED_VALUE"""),"Grevas de obsidiana") -> Grevas de obsidiana | C54: =IFERROR(__xludf.DUMMYFUNCTION("""COMPUTED_VALUE"""),"Botas") -> Botas | D54: =IFERROR(__xludf.DUMMYFUNCTION("""COMPUTED_VALUE"""),47.0) -> 47 | E54: =IFERROR(__xludf.DUMMYFUNCTION("""COMPUTED_VALUE"""),"Comandante 2") -> Comandante 2 | F54: =IFERROR(__xludf.DUMMYFUNCTION("""COMPUTED_VALUE"""),"Lendário") -> Lendário | G54: =IFERROR(__xludf.DUMMYFUNCTION("""COMPUTED_VALUE"""),"Aumenta a força dos guerreiros do grupo em 25%") -> Aumenta a força dos guerreiros do grupo em 25% | H54: =IFERROR(__xludf.DUMMYFUNCTION("""COMPUTED_VALUE"""),TRUE) -> TRUE
B55: =IFERROR(__xludf.DUMMYFUNCTION("""COMPUTED_VALUE"""),"Pés do titã") -> Pés do titã | C55: =IFERROR(__xludf.DUMMYFUNCTION("""COMPUTED_VALUE"""),"Botas") -> Botas | D55: =IFERROR(__xludf.DUMMYFUNCTION("""COMPUTED_VALUE"""),50.0) -> 50 | E55: =IFERROR(__xludf.DUMMYFUNCTION("""COMPUTED_VALUE"""),"Esmagar") -> Esmagar | F55: =IFERROR(__xludf.DUMMYFUNCTION("""COMPUTED_VALUE"""),"Mítico") -> Mítico | G55: =IFERROR(__xludf.DUMMYFUNCTION("""COMPUTED_VALUE"""),"Aumenta a força em 25%") -> Aumenta a força em 25% | H55: =IFERROR(__xludf.DUMMYFUNCTION("""COMPUTED_VALUE"""),TRUE) -> TRUE
B56: =IFERROR(__xludf.DUMMYFUNCTION("""COMPUTED_VALUE"""),"Botas selvagens") -> Botas selvagens | C56: =IFERROR(__xludf.DUMMYFUNCTION("""COMPUTED_VALUE"""),"Botas") -> Botas | D56: =IFERROR(__xludf.DUMMYFUNCTION("""COMPUTED_VALUE"""),52.0) -> 52 | E56: =IFERROR(__xludf.DUMMYFUNCTION("""COMPUTED_VALUE"""),"Detectar segredo") -> Detectar segredo | F56: =IFERROR(__xludf.DUMMYFUNCTION("""COMPUTED_VALUE"""),"Mítico") -> Mítico | G56: =IFERROR(__xludf.DUMMYFUNCTION("""COMPUTED_VALUE"""),"Aumenta o número máximo de artefatos e itens de raid encontrados por cada membro do grupo em +1") -> Aumenta o número máximo de artefatos e itens de raid encontrados por cada membro do grupo em +1 | H56: =IFERROR(__xludf.DUMMYFUNCTION("""COMPUTED_VALUE"""),TRUE) -> TRUE
B57: =IFERROR(__xludf.DUMMYFUNCTION("""COMPUTED_VALUE"""),"Starfrost Skates") -> Starfrost Skates | C57: =IFERROR(__xludf.DUMMYFUNCTION("""COMPUTED_VALUE"""),"Botas") -> Botas | D57: =IFERROR(__xludf.DUMMYFUNCTION("""COMPUTED_VALUE"""),54.0) -> 54 | E57: =IFERROR(__xludf.DUMMYFUNCTION("""COMPUTED_VALUE"""),"Encontrar mágica") -> Encontrar mágica | F57: =IFERROR(__xludf.DUMMYFUNCTION("""COMPUTED_VALUE"""),"Mítico") -> Mítico | G57: =IFERROR(__xludf.DUMMYFUNCTION("""COMPUTED_VALUE"""),"Aumenta o número máximo de artefatos e itens de raid encontrados por cada membro do grupo em +2") -> Aumenta o número máximo de artefatos e itens de raid encontrados por cada membro do grupo em +2 | H57: =IFERROR(__xludf.DUMMYFUNCTION("""COMPUTED_VALUE"""),TRUE) -> TRUE
B58: =IFERROR(__xludf.DUMMYFUNCTION("""COMPUTED_VALUE"""),"Proto-skate") -> Proto-skate | C58: =IFERROR(__xludf.DUMMYFUNCTION("""COMPUTED_VALUE"""),"Botas") -> Botas | D58: =IFERROR(__xludf.DUMMYFUNCTION("""COMPUTED_VALUE"""),54.0) -> 54 | E58: =IFERROR(__xludf.DUMMYFUNCTION("""COMPUTED_VALUE"""),"Velocista 3") -> Velocista 3 | F58: =IFERROR(__xludf.DUMMYFUNCTION("""COMPUTED_VALUE"""),"Mítico") -> Mítico | G58: =IFERROR(__xludf.DUMMYFUNCTION("""COMPUTED_VALUE"""),"Reduz a duração da missão em 50%") -> Reduz a duração da missão em 50% | H58: =IFERROR(__xludf.DUMMYFUNCTION("""COMPUTED_VALUE"""),TRUE) -> TRUE
B59: =IFERROR(__xludf.DUMMYFUNCTION("""COMPUTED_VALUE"""),"Cajado do bispo") -> Cajado do bispo | C59: =IFERROR(__xludf.DUMMYFUNCTION("""COMPUTED_VALUE"""),"Cajado") -> Cajado | D59: =IFERROR(__xludf.DUMMYFUNCTION("""COMPUTED_VALUE"""),9.0) -> 9 | E59: =IFERROR(__xludf.DUMMYFUNCTION("""COMPUTED_VALUE"""),"Arquimago 1") -> Arquimago 1 | F59: =IFERROR(__xludf.DUMMYFUNCTION("""COMPUTED_VALUE"""),"Impecável") -> Impecável | G59: =IFERROR(__xludf.DUMMYFUNCTION("""COMPUTED_VALUE"""),"Aumenta a força dos feiticeiros do grupo em 10%") -> Aumenta a força dos feiticeiros do grupo em 10% | H59: =IFERROR(__xludf.DUMMYFUNCTION("""COMPUTED_VALUE"""),TRUE) -> TRUE
B60: =IFERROR(__xludf.DUMMYFUNCTION("""COMPUTED_VALUE"""),"Begala do faraó") -> Begala do faraó | C60: =IFERROR(__xludf.DUMMYFUNCTION("""COMPUTED_VALUE"""),"Cajado") -> Cajado | D60: =IFERROR(__xludf.DUMMYFUNCTION("""COMPUTED_VALUE"""),16.0) -> 16 | E60: =IFERROR(__xludf.DUMMYFUNCTION("""COMPUTED_VALUE"""),"Líder 1") -> Líder 1 | F60: =IFERROR(__xludf.DUMMYFUNCTION("""COMPUTED_VALUE"""),"Impecável") -> Impecável | G60: =IFERROR(__xludf.DUMMYFUNCTION("""COMPUTED_VALUE"""),"Aumenta o número de companheiros em +1") -> Aumenta o número de companheiros em +1 | H60: =IFERROR(__xludf.DUMMYFUNCTION("""COMPUTED_VALUE"""),TRUE) -> TRUE
B61: =IFERROR(__xludf.DUMMYFUNCTION("""COMPUTED_VALUE"""),"Cetro Lunar") -> Cetro Lunar | C61: =IFERROR(__xludf.DUMMYFUNCTION("""COMPUTED_VALUE"""),"Cajado") -> Cajado | D61: =IFERROR(__xludf.DUMMYFUNCTION("""COMPUTED_VALUE"""),17.0) -> 17 | E61: =IFERROR(__xludf.DUMMYFUNCTION("""COMPUTED_VALUE"""),"Curandeiro 1") -> Curandeiro 1 | F61: =IFERROR(__xludf.DUMMYFUNCTION("""COMPUTED_VALUE"""),"Impecável") -> Impecável | G61: =IFERROR(__xludf.DUMMYFUNCTION("""COMPUTED_VALUE"""),"Reduz o tempo de cura de companheiros em 10%") -> Reduz o tempo de cura de companheiros em 10% | H61: =IFERROR(__xludf.DUMMYFUNCTION("""COMPUTED_VALUE"""),TRUE) -> TRUE
B62: =IFERROR(__xludf.DUMMYFUNCTION("""COMPUTED_VALUE"""),"Líquido apanhador de inseto") -> Líquido apanhador de inseto | C62: =IFERROR(__xludf.DUMMYFUNCTION("""COMPUTED_VALUE"""),"Cajado") -> Cajado | D62: =IFERROR(__xludf.DUMMYFUNCTION("""COMPUTED_VALUE"""),21.0) -> 21 | E62: =IFERROR(__xludf.DUMMYFUNCTION("""COMPUTED_VALUE"""),"Energético 3") -> Energético 3 | F62: =IFERROR(__xludf.DUMMYFUNCTION("""COMPUTED_VALUE"""),"Épico") -> Épico | G62: =IFERROR(__xludf.DUMMYFUNCTION("""COMPUTED_VALUE"""),"Reduz o tempo de espera depois da missão em 100%") -> Reduz o tempo de espera depois da missão em 100% | H62: =IFERROR(__xludf.DUMMYFUNCTION("""COMPUTED_VALUE"""),TRUE) -> TRUE
B63: =IFERROR(__xludf.DUMMYFUNCTION("""COMPUTED_VALUE"""),"Cetro Sagrado") -> Cetro Sagrado | C63: =IFERROR(__xludf.DUMMYFUNCTION("""COMPUTED_VALUE"""),"Cajado") -> Cajado | D63: =IFERROR(__xludf.DUMMYFUNCTION("""COMPUTED_VALUE"""),28.0) -> 28 | E63: =IFERROR(__xludf.DUMMYFUNCTION("""COMPUTED_VALUE"""),"Reviver 1") -> Reviver 1 | F63: =IFERROR(__xludf.DUMMYFUNCTION("""COMPUTED_VALUE"""),"Épico") -> Épico | G63: =IFERROR(__xludf.DUMMYFUNCTION("""COMPUTED_VALUE"""),"Revive um companheiro derrotado 5% das vezes") -> Revive um companheiro derrotado 5% das vezes | H63: =IFERROR(__xludf.DUMMYFUNCTION("""COMPUTED_VALUE"""),TRUE) -> TRUE
B64: =IFERROR(__xludf.DUMMYFUNCTION("""COMPUTED_VALUE"""),"Varinha Estelar") -> Varinha Estelar | C64: =IFERROR(__xludf.DUMMYFUNCTION("""COMPUTED_VALUE"""),"Cajado") -> Cajado | D64: =IFERROR(__xludf.DUMMYFUNCTION("""COMPUTED_VALUE"""),35.0) -> 35 | E64: =IFERROR(__xludf.DUMMYFUNCTION("""COMPUTED_VALUE"""),"Arquimago 1") -> Arquimago 1 | F64: =IFERROR(__xludf.DUMMYFUNCTION("""COMPUTED_VALUE"""),"Épico") -> Épico | G64: =IFERROR(__xludf.DUMMYFUNCTION("""COMPUTED_VALUE"""),"Aumenta a força dos feiticeiros do grupo em 10%") -> Aumenta a força dos feiticeiros do grupo em 10% | H64: =IFERROR(__xludf.DUMMYFUNCTION("""COMPUTED_VALUE"""),TRUE) -> TRUE
B65: =IFERROR(__xludf.DUMMYFUNCTION("""COMPUTED_VALUE"""),"Varinha Imperial") -> Varinha Imperial | C65: =IFERROR(__xludf.DUMMYFUNCTION("""COMPUTED_VALUE"""),"Cajado") -> Cajado | D65: =IFERROR(__xludf.DUMMYFUNCTION("""COMPUTED_VALUE"""),38.0) -> 38 | E65: =IFERROR(__xludf.DUMMYFUNCTION("""COMPUTED_VALUE"""),"Arquimago 1") -> Arquimago 1 | F65: =IFERROR(__xludf.DUMMYFUNCTION("""COMPUTED_VALUE"""),"Lendário") -> Lendário | G65: =IFERROR(__xludf.DUMMYFUNCTION("""COMPUTED_VALUE"""),"Aumenta a força dos feiticeiros do grupo em 10%") -> Aumenta a força dos feiticeiros do grupo em 10% | H65: =IFERROR(__xludf.DUMMYFUNCTION("""COMPUTED_VALUE"""),TRUE) -> TRUE
B66: =IFERROR(__xludf.DUMMYFUNCTION("""COMPUTED_VALUE"""),"Rei-Sol") -> Rei-Sol | C66: =IFERROR(__xludf.DUMMYFUNCTION("""COMPUTED_VALUE"""),"Cajado") -> Cajado | D66: =IFERROR(__xludf.DUMMYFUNCTION("""COMPUTED_VALUE"""),41.0) -> 41 | E66: =IFERROR(__xludf.DUMMYFUNCTION("""COMPUTED_VALUE"""),"Bola de fogo") -> Bola de fogo | F66: =IFERROR(__xludf.DUMMYFUNCTION("""COMPUTED_VALUE"""),"Lendário") -> Lendário | G66: =IFERROR(__xludf.DUMMYFUNCTION("""COMPUTED_VALUE"""),"Aumenta a força em 25%") -> Aumenta a força em 25% | H66: =IFERROR(__xludf.DUMMYFUNCTION("""COMPUTED_VALUE"""),TRUE) -> TRUE
B67: =IFERROR(__xludf.DUMMYFUNCTION("""COMPUTED_VALUE"""),"Montagem das fadas") -> Montagem das fadas | C67: =IFERROR(__xludf.DUMMYFUNCTION("""COMPUTED_VALUE"""),"Cajado") -> Cajado | D67: =IFERROR(__xludf.DUMMYFUNCTION("""COMPUTED_VALUE"""),42.0) -> 42 | E67: =IFERROR(__xludf.DUMMYFUNCTION("""COMPUTED_VALUE"""),"Caça-tesouros 2") -> Caça-tesouros 2 | F67: =IFERROR(__xludf.DUMMYFUNCTION("""COMPUTED_VALUE"""),"Lendário") -> Lendário | G67: =IFERROR(__xludf.DUMMYFUNCTION("""COMPUTED_VALUE"""),"Aumenta o número máximo de artefatos e itens de raid encontrados em +4") -> Aumenta o número máximo de artefatos e itens de raid encontrados em +4 | H67: =IFERROR(__xludf.DUMMYFUNCTION("""COMPUTED_VALUE"""),TRUE) -> TRUE
B68: =IFERROR(__xludf.DUMMYFUNCTION("""COMPUTED_VALUE"""),"Guardião das almas") -> Guardião das almas | C68: =IFERROR(__xludf.DUMMYFUNCTION("""COMPUTED_VALUE"""),"Cajado") -> Cajado | D68: =IFERROR(__xludf.DUMMYFUNCTION("""COMPUTED_VALUE"""),45.0) -> 45 | E68: =IFERROR(__xludf.DUMMYFUNCTION("""COMPUTED_VALUE"""),"Reviver 2") -> Reviver 2 | F68: =IFERROR(__xludf.DUMMYFUNCTION("""COMPUTED_VALUE"""),"Épico") -> Épico | G68: =IFERROR(__xludf.DUMMYFUNCTION("""COMPUTED_VALUE"""),"Revive um companheiro derrotado 10% das vezes") -> Revive um companheiro derrotado 10% das vezes | H68: =IFERROR(__xludf.DUMMYFUNCTION("""COMPUTED_VALUE"""),TRUE) -> TRUE
B69: =IFERROR(__xludf.DUMMYFUNCTION("""COMPUTED_VALUE"""),"Varinha estilhaçada") -> Varinha estilhaçada | C69: =IFERROR(__xludf.DUMMYFUNCTION("""COMPUTED_VALUE"""),"Cajado") -> Cajado | D69: =IFERROR(__xludf.DUMMYFUNCTION("""COMPUTED_VALUE"""),50.0) -> 50 | E69: =IFERROR(__xludf.DUMMYFUNCTION("""COMPUTED_VALUE"""),"Arquimago 2") -> Arquimago 2 | F69: =IFERROR(__xludf.DUMMYFUNCTION("""COMPUTED_VALUE"""),"Mítico") -> Mítico | G69: =IFERROR(__xludf.DUMMYFUNCTION("""COMPUTED_VALUE"""),"Aumenta a força dos feiticeiros do grupo em 20%") -> Aumenta a força dos feiticeiros do grupo em 20% | H69: =IFERROR(__xludf.DUMMYFUNCTION("""COMPUTED_VALUE"""),TRUE) -> TRUE
B70: =IFERROR(__xludf.DUMMYFUNCTION("""COMPUTED_VALUE"""),"Cajado necormante") -> Cajado necormante | C70: =IFERROR(__xludf.DUMMYFUNCTION("""COMPUTED_VALUE"""),"Cajado") -> Cajado | D70: =IFERROR(__xludf.DUMMYFUNCTION("""COMPUTED_VALUE"""),53.0) -> 53 | E70: =IFERROR(__xludf.DUMMYFUNCTION("""COMPUTED_VALUE"""),"Reviver 3") -> Reviver 3 | F70: =IFERROR(__xludf.DUMMYFUNCTION("""COMPUTED_VALUE"""),"Mítico") -> Mítico | G70: =IFERROR(__xludf.DUMMYFUNCTION("""COMPUTED_VALUE"""),"Revive um companheiro derrotado 15% das vezes") -> Revive um companheiro derrotado 15% das vezes | H70: =IFERROR(__xludf.DUMMYFUNCTION("""COMPUTED_VALUE"""),TRUE) -> TRUE
B71: =IFERROR(__xludf.DUMMYFUNCTION("""COMPUTED_VALUE"""),"Luna") -> Luna | C71: =IFERROR(__xludf.DUMMYFUNCTION("""COMPUTED_VALUE"""),"Cajado") -> Cajado | D71: =IFERROR(__xludf.DUMMYFUNCTION("""COMPUTED_VALUE"""),55.0) -> 55 | E71: =IFERROR(__xludf.DUMMYFUNCTION("""COMPUTED_VALUE"""),"Reviver 3") -> Reviver 3 | F71: =IFERROR(__xludf.DUMMYFUNCTION("""COMPUTED_VALUE"""),"Épico") -> Épico | G71: =IFERROR(__xludf.DUMMYFUNCTION("""COMPUTED_VALUE"""),"Revive um companheiro derrotado 15% das vezes") -> Revive um companheiro derrotado 15% das vezes | H71: =IFERROR(__xludf.DUMMYFUNCTION("""COMPUTED_VALUE"""),TRUE) -> TRUE
B72: =IFERROR(__xludf.DUMMYFUNCTION("""COMPUTED_VALUE"""),"Cetro da Pixie") -> Cetro da Pixie | C72: =IFERROR(__xludf.DUMMYFUNCTION("""COMPUTED_VALUE"""),"Cajado") -> Cajado | D72: =IFERROR(__xludf.DUMMYFUNCTION("""COMPUTED_VALUE"""),58.0) -> 58 | E72: =IFERROR(__xludf.DUMMYFUNCTION("""COMPUTED_VALUE"""),"Encontrar mágica") -> Encontrar mágica | F72: =IFERROR(__xludf.DUMMYFUNCTION("""COMPUTED_VALUE"""),"Épico") -> Épico | G72: =IFERROR(__xludf.DUMMYFUNCTION("""COMPUTED_VALUE"""),"Aumenta o número máximo de artefatos e itens de raid encontrados por cada membro do grupo em +2") -> Aumenta o número máximo de artefatos e itens de raid encontrados por cada membro do grupo em +2 | H72: =IFERROR(__xludf.DUMMYFUNCTION("""COMPUTED_VALUE"""),TRUE) -> TRUE
B73: =IFERROR(__xludf.DUMMYFUNCTION("""COMPUTED_VALUE"""),"Capuz de Robin") -> Capuz de Robin | C73: =IFERROR(__xludf.DUMMYFUNCTION("""COMPUTED_VALUE"""),"Chapéu") -> Chapéu | D73: =IFERROR(__xludf.DUMMYFUNCTION("""COMPUTED_VALUE"""),8.0) -> 8 | E73: =IFERROR(__xludf.DUMMYFUNCTION("""COMPUTED_VALUE"""),"Caça-tesouros 1") -> Caça-tesouros 1 | F73: =IFERROR(__xludf.DUMMYFUNCTION("""COMPUTED_VALUE"""),"Impecável") -> Impecável | G73: =IFERROR(__xludf.DUMMYFUNCTION("""COMPUTED_VALUE"""),"Aumenta o número máximo de artefatos e itens de raid encontrados em +2") -> Aumenta o número máximo de artefatos e itens de raid encontrados em +2 | H73: =IFERROR(__xludf.DUMMYFUNCTION("""COMPUTED_VALUE"""),TRUE) -> TRUE
B74: =IFERROR(__xludf.DUMMYFUNCTION("""COMPUTED_VALUE"""),"Coroa Dourada") -> Coroa Dourada | C74: =IFERROR(__xludf.DUMMYFUNCTION("""COMPUTED_VALUE"""),"Chapéu") -> Chapéu | D74: =IFERROR(__xludf.DUMMYFUNCTION("""COMPUTED_VALUE"""),25.0) -> 25 | E74: =IFERROR(__xludf.DUMMYFUNCTION("""COMPUTED_VALUE"""),"Ganancioso 1") -> Ganancioso 1 | F74: =IFERROR(__xludf.DUMMYFUNCTION("""COMPUTED_VALUE"""),"Ótimo") -> Ótimo | G74: =IFERROR(__xludf.DUMMYFUNCTION("""COMPUTED_VALUE"""),"Encontra mais 50% de ouro durante as missões") -> Encontra mais 50% de ouro durante as missões | H74: =IFERROR(__xludf.DUMMYFUNCTION("""COMPUTED_VALUE"""),TRUE) -> TRUE
B75: =IFERROR(__xludf.DUMMYFUNCTION("""COMPUTED_VALUE"""),"Coifa Sábia ") -> Coifa Sábia | C75: =IFERROR(__xludf.DUMMYFUNCTION("""COMPUTED_VALUE"""),"Chapéu") -> Chapéu | D75: =IFERROR(__xludf.DUMMYFUNCTION("""COMPUTED_VALUE"""),27.0) -> 27 | E75: =IFERROR(__xludf.DUMMYFUNCTION("""COMPUTED_VALUE"""),"Sábio 1") -> Sábio 1 | F75: =IFERROR(__xludf.DUMMYFUNCTION("""COMPUTED_VALUE"""),"Épico") -> Épico | G75: =IFERROR(__xludf.DUMMYFUNCTION("""COMPUTED_VALUE"""),"25% de bônus de experiência") -> 25% de bônus de experiência | H75: =IFERROR(__xludf.DUMMYFUNCTION("""COMPUTED_VALUE"""),TRUE) -> TRUE
B76: =IFERROR(__xludf.DUMMYFUNCTION("""COMPUTED_VALUE"""),"Tiara Rúnica") -> Tiara Rúnica | C76: =IFERROR(__xludf.DUMMYFUNCTION("""COMPUTED_VALUE"""),"Chapéu") -> Chapéu | D76: =IFERROR(__xludf.DUMMYFUNCTION("""COMPUTED_VALUE"""),34.0) -> 34 | E76: =IFERROR(__xludf.DUMMYFUNCTION("""COMPUTED_VALUE"""),"Arquimago 1") -> Arquimago 1 | F76: =IFERROR(__xludf.DUMMYFUNCTION("""COMPUTED_VALUE"""),"Épico") -> Épico | G76: =IFERROR(__xludf.DUMMYFUNCTION("""COMPUTED_VALUE"""),"Aumenta a força dos feiticeiros do grupo em 10%") -> Aumenta a força dos feiticeiros do grupo em 10% | H76: =IFERROR(__xludf.DUMMYFUNCTION("""COMPUTED_VALUE"""),TRUE) -> TRUE
B77: =IFERROR(__xludf.DUMMYFUNCTION("""COMPUTED_VALUE"""),"Coroa do trovão") -> Coroa do trovão | C77: =IFERROR(__xludf.DUMMYFUNCTION("""COMPUTED_VALUE"""),"Chapéu") -> Chapéu | D77: =IFERROR(__xludf.DUMMYFUNCTION("""COMPUTED_VALUE"""),36.0) -> 36 | E77: =IFERROR(__xludf.DUMMYFUNCTION("""COMPUTED_VALUE"""),"Raio elétrico") -> Raio elétrico | F77: =IFERROR(__xludf.DUMMYFUNCTION("""COMPUTED_VALUE"""),"Lendário") -> Lendário | G77: =IFERROR(__xludf.DUMMYFUNCTION("""COMPUTED_VALUE"""),"Aumenta a força em 50%") -> Aumenta a força em 50% | H77: =IFERROR(__xludf.DUMMYFUNCTION("""COMPUTED_VALUE"""),TRUE) -> TRUE
B78: =IFERROR(__xludf.DUMMYFUNCTION("""COMPUTED_VALUE"""),"Acessório cobra") -> Acessório cobra | C78: =IFERROR(__xludf.DUMMYFUNCTION("""COMPUTED_VALUE"""),"Chapéu") -> Chapéu | D78: =IFERROR(__xludf.DUMMYFUNCTION("""COMPUTED_VALUE"""),37.0) -> 37 | E78: =IFERROR(__xludf.DUMMYFUNCTION("""COMPUTED_VALUE"""),"Cuidadoso 2") -> Cuidadoso 2 | F78: =IFERROR(__xludf.DUMMYFUNCTION("""COMPUTED_VALUE"""),"Épico") -> Épico | G78: =IFERROR(__xludf.DUMMYFUNCTION("""COMPUTED_VALUE"""),"Diminui a chance de quebra de equipamento em 30% das vezes") -> Diminui a chance de quebra de equipamento em 30% das vezes | H78: =IFERROR(__xludf.DUMMYFUNCTION("""COMPUTED_VALUE"""),TRUE) -> TRUE
B79: =IFERROR(__xludf.DUMMYFUNCTION("""COMPUTED_VALUE"""),"Face demoníaca") -> Face demoníaca | C79: =IFERROR(__xludf.DUMMYFUNCTION("""COMPUTED_VALUE"""),"Chapéu") -> Chapéu | D79: =IFERROR(__xludf.DUMMYFUNCTION("""COMPUTED_VALUE"""),39.0) -> 39 | E79: =IFERROR(__xludf.DUMMYFUNCTION("""COMPUTED_VALUE"""),"Bola de fogo") -> Bola de fogo | F79: =IFERROR(__xludf.DUMMYFUNCTION("""COMPUTED_VALUE"""),"Lendário") -> Lendário | G79: =IFERROR(__xludf.DUMMYFUNCTION("""COMPUTED_VALUE"""),"Aumenta a força em 25%") -> Aumenta a força em 25% | H79: =IFERROR(__xludf.DUMMYFUNCTION("""COMPUTED_VALUE"""),TRUE) -> TRUE
B80: =IFERROR(__xludf.DUMMYFUNCTION("""COMPUTED_VALUE"""),"Diadema Condenado") -> Diadema Condenado | C80: =IFERROR(__xludf.DUMMYFUNCTION("""COMPUTED_VALUE"""),"Chapéu") -> Chapéu | D80: =IFERROR(__xludf.DUMMYFUNCTION("""COMPUTED_VALUE"""),43.0) -> 43 | E80: =IFERROR(__xludf.DUMMYFUNCTION("""COMPUTED_VALUE"""),"Sábio 2") -> Sábio 2 | F80: =IFERROR(__xludf.DUMMYFUNCTION("""COMPUTED_VALUE"""),"Épico") -> Épico | G80: =IFERROR(__xludf.DUMMYFUNCTION("""COMPUTED_VALUE"""),"50% de bônus de experiência") -> 50% de bônus de experiência | H80: =IFERROR(__xludf.DUMMYFUNCTION("""COMPUTED_VALUE"""),TRUE) -> TRUE
B81: =IFERROR(__xludf.DUMMYFUNCTION("""COMPUTED_VALUE"""),"Medley Floral") -> Medley Floral | C81: =IFERROR(__xludf.DUMMYFUNCTION("""COMPUTED_VALUE"""),"Chapéu") -> Chapéu | D81: =IFERROR(__xludf.DUMMYFUNCTION("""COMPUTED_VALUE"""),45.0) -> 45 | E81: =IFERROR(__xludf.DUMMYFUNCTION("""COMPUTED_VALUE"""),"Gangster 2") -> Gangster 2 | F81: =IFERROR(__xludf.DUMMYFUNCTION("""COMPUTED_VALUE"""),"Impecável") -> Impecável | G81: =IFERROR(__xludf.DUMMYFUNCTION("""COMPUTED_VALUE"""),"Aumenta a força do equipamento em 25%") -> Aumenta a força do equipamento em 25% | H81: =IFERROR(__xludf.DUMMYFUNCTION("""COMPUTED_VALUE"""),TRUE) -> TRUE
B82: =IFERROR(__xludf.DUMMYFUNCTION("""COMPUTED_VALUE"""),"Capuz do cultista") -> Capuz do cultista | C82: =IFERROR(__xludf.DUMMYFUNCTION("""COMPUTED_VALUE"""),"Chapéu") -> Chapéu | D82: =IFERROR(__xludf.DUMMYFUNCTION("""COMPUTED_VALUE"""),47.0) -> 47 | E82: =IFERROR(__xludf.DUMMYFUNCTION("""COMPUTED_VALUE"""),"Passo das Sombras") -> Passo das Sombras | F82: =IFERROR(__xludf.DUMMYFUNCTION("""COMPUTED_VALUE"""),"Mítico") -> Mítico | G82: =IFERROR(__xludf.DUMMYFUNCTION("""COMPUTED_VALUE"""),"Evita ferimentos 15% das vezes") -> Evita ferimentos 15% das vezes | H82: =IFERROR(__xludf.DUMMYFUNCTION("""COMPUTED_VALUE"""),TRUE) -> TRUE
B83: =IFERROR(__xludf.DUMMYFUNCTION("""COMPUTED_VALUE"""),"Chapéu Ártico") -> Chapéu Ártico | C83: =IFERROR(__xludf.DUMMYFUNCTION("""COMPUTED_VALUE"""),"Chapéu") -> Chapéu | D83: =IFERROR(__xludf.DUMMYFUNCTION("""COMPUTED_VALUE"""),49.0) -> 49 | E83: =IFERROR(__xludf.DUMMYFUNCTION("""COMPUTED_VALUE"""),"Reviver 3") -> Reviver 3 | F83: =IFERROR(__xludf.DUMMYFUNCTION("""COMPUTED_VALUE"""),"Lendário") -> Lendário | G83: =IFERROR(__xludf.DUMMYFUNCTION("""COMPUTED_VALUE"""),"Revive um companheiro derrotado 15% das vezes") -> Revive um companheiro derrotado 15% das vezes | H83: =IFERROR(__xludf.DUMMYFUNCTION("""COMPUTED_VALUE"""),TRUE) -> TRUE
B84: =IFERROR(__xludf.DUMMYFUNCTION("""COMPUTED_VALUE"""),"Tiara real") -> Tiara real | C84: =IFERROR(__xludf.DUMMYFUNCTION("""COMPUTED_VALUE"""),"Chapéu") -> Chapéu | D84: =IFERROR(__xludf.DUMMYFUNCTION("""COMPUTED_VALUE"""),50.0) -> 50 | E84: =IFERROR(__xludf.DUMMYFUNCTION("""COMPUTED_VALUE"""),"Ganancioso 3") -> Ganancioso 3 | F84: =IFERROR(__xludf.DUMMYFUNCTION("""COMPUTED_VALUE"""),"Lendário") -> Lendário | G84: =IFERROR(__xludf.DUMMYFUNCTION("""COMPUTED_VALUE"""),"Encontra mais 200% de ouro durante as missões") -> Encontra mais 200% de ouro durante as missões | H84: =IFERROR(__xludf.DUMMYFUNCTION("""COMPUTED_VALUE"""),TRUE) -> TRUE
B85: =IFERROR(__xludf.DUMMYFUNCTION("""COMPUTED_VALUE"""),"Coroa do subterrâneo") -> Coroa do subterrâneo | C85: =IFERROR(__xludf.DUMMYFUNCTION("""COMPUTED_VALUE"""),"Chapéu") -> Chapéu | D85: =IFERROR(__xludf.DUMMYFUNCTION("""COMPUTED_VALUE"""),53.0) -> 53 | E85: =IFERROR(__xludf.DUMMYFUNCTION("""COMPUTED_VALUE"""),"Sortudo 3") -> Sortudo 3 | F85: =IFERROR(__xludf.DUMMYFUNCTION("""COMPUTED_VALUE"""),"Mítico") -> Mítico | G85: =IFERROR(__xludf.DUMMYFUNCTION("""COMPUTED_VALUE"""),"Evita ferimentos 30% das vezes") -> Evita ferimentos 30% das vezes | H85: =IFERROR(__xludf.DUMMYFUNCTION("""COMPUTED_VALUE"""),TRUE) -> TRUE
B86: =IFERROR(__xludf.DUMMYFUNCTION("""COMPUTED_VALUE"""),"Chapéu Carangueijo") -> Chapéu Carangueijo | C86: =IFERROR(__xludf.DUMMYFUNCTION("""COMPUTED_VALUE"""),"Chapéu") -> Chapéu | D86: =IFERROR(__xludf.DUMMYFUNCTION("""COMPUTED_VALUE"""),55.0) -> 55 | E86: =IFERROR(__xludf.DUMMYFUNCTION("""COMPUTED_VALUE"""),"Encontrar mágica") -> Encontrar mágica | F86: =IFERROR(__xludf.DUMMYFUNCTION("""COMPUTED_VALUE"""),"Mítico") -> Mítico | G86: =IFERROR(__xludf.DUMMYFUNCTION("""COMPUTED_VALUE"""),"Aumenta o número máximo de artefatos e itens de raid encontrados por cada membro do grupo em +2") -> Aumenta o número máximo de artefatos e itens de raid encontrados por cada membro do grupo em +2 | H86: =IFERROR(__xludf.DUMMYFUNCTION("""COMPUTED_VALUE"""),TRUE) -> TRUE
B87: =IFERROR(__xludf.DUMMYFUNCTION("""COMPUTED_VALUE"""),"Capô de Guerra") -> Capô de Guerra | C87: =IFERROR(__xludf.DUMMYFUNCTION("""COMPUTED_VALUE"""),"Chapéu") -> Chapéu | D87: =IFERROR(__xludf.DUMMYFUNCTION("""COMPUTED_VALUE"""),56.0) -> 56 | E87: =IFERROR(__xludf.DUMMYFUNCTION("""COMPUTED_VALUE"""),"Suporte 3") -> Suporte 3 | F87: =IFERROR(__xludf.DUMMYFUNCTION("""COMPUTED_VALUE"""),"Lendário") -> Lendário | G87: =IFERROR(__xludf.DUMMYFUNCTION("""COMPUTED_VALUE"""),"Impede que o equipamento de um companheiro se quebre 3 vezes") -> Impede que o equipamento de um companheiro se quebre 3 vezes | H87: =IFERROR(__xludf.DUMMYFUNCTION("""COMPUTED_VALUE"""),TRUE) -> TRUE
B88: =IFERROR(__xludf.DUMMYFUNCTION("""COMPUTED_VALUE"""),"Coifa da Lua") -> Coifa da Lua | C88: =IFERROR(__xludf.DUMMYFUNCTION("""COMPUTED_VALUE"""),"Elmo") -> Elmo | D88: =IFERROR(__xludf.DUMMYFUNCTION("""COMPUTED_VALUE"""),10.0) -> 10 | E88: =IFERROR(__xludf.DUMMYFUNCTION("""COMPUTED_VALUE"""),"Sortudo 1") -> Sortudo 1 | F88: =IFERROR(__xludf.DUMMYFUNCTION("""COMPUTED_VALUE"""),"Impecável") -> Impecável | G88: =IFERROR(__xludf.DUMMYFUNCTION("""COMPUTED_VALUE"""),"Evita ferimentos 10% das vezes") -> Evita ferimentos 10% das vezes | H88: =IFERROR(__xludf.DUMMYFUNCTION("""COMPUTED_VALUE"""),TRUE) -> TRUE
B89: =IFERROR(__xludf.DUMMYFUNCTION("""COMPUTED_VALUE"""),"Elmo do Paladino") -> Elmo do Paladino | C89: =IFERROR(__xludf.DUMMYFUNCTION("""COMPUTED_VALUE"""),"Elmo") -> Elmo | D89: =IFERROR(__xludf.DUMMYFUNCTION("""COMPUTED_VALUE"""),19.0) -> 19 | E89: =IFERROR(__xludf.DUMMYFUNCTION("""COMPUTED_VALUE"""),"Protetor 1") -> Protetor 1 | F89: =IFERROR(__xludf.DUMMYFUNCTION("""COMPUTED_VALUE"""),"Impecável") -> Impecável | G89: =IFERROR(__xludf.DUMMYFUNCTION("""COMPUTED_VALUE"""),"Aumenta a taxa de sobrevivência do grupo em 2%") -> Aumenta a taxa de sobrevivência do grupo em 2% | H89: =IFERROR(__xludf.DUMMYFUNCTION("""COMPUTED_VALUE"""),TRUE) -> TRUE
B90: =IFERROR(__xludf.DUMMYFUNCTION("""COMPUTED_VALUE"""),"Elmo Congelado") -> Elmo Congelado | C90: =IFERROR(__xludf.DUMMYFUNCTION("""COMPUTED_VALUE"""),"Elmo") -> Elmo | D90: =IFERROR(__xludf.DUMMYFUNCTION("""COMPUTED_VALUE"""),23.0) -> 23 | E90: =IFERROR(__xludf.DUMMYFUNCTION("""COMPUTED_VALUE"""),"Protetor 1") -> Protetor 1 | F90: =IFERROR(__xludf.DUMMYFUNCTION("""COMPUTED_VALUE"""),"Épico") -> Épico | G90: =IFERROR(__xludf.DUMMYFUNCTION("""COMPUTED_VALUE"""),"Aumenta a taxa de sobrevivência do grupo em 2%") -> Aumenta a taxa de sobrevivência do grupo em 2% | H90: =IFERROR(__xludf.DUMMYFUNCTION("""COMPUTED_VALUE"""),TRUE) -> TRUE
B91: =IFERROR(__xludf.DUMMYFUNCTION("""COMPUTED_VALUE"""),"Elmo do Aventureiro") -> Elmo do Aventureiro | C91: =IFERROR(__xludf.DUMMYFUNCTION("""COMPUTED_VALUE"""),"Elmo") -> Elmo | D91: =IFERROR(__xludf.DUMMYFUNCTION("""COMPUTED_VALUE"""),32.0) -> 32 | E91: =IFERROR(__xludf.DUMMYFUNCTION("""COMPUTED_VALUE"""),"Reviver 2") -> Reviver 2 | F91: =IFERROR(__xludf.DUMMYFUNCTION("""COMPUTED_VALUE"""),"Lendário") -> Lendário | G91: =IFERROR(__xludf.DUMMYFUNCTION("""COMPUTED_VALUE"""),"Revive um companheiro derrotado 10% das vezes") -> Revive um companheiro derrotado 10% das vezes | H91: =IFERROR(__xludf.DUMMYFUNCTION("""COMPUTED_VALUE"""),TRUE) -> TRUE
B92: =IFERROR(__xludf.DUMMYFUNCTION("""COMPUTED_VALUE"""),"Elmo da Fênix") -> Elmo da Fênix | C92: =IFERROR(__xludf.DUMMYFUNCTION("""COMPUTED_VALUE"""),"Elmo") -> Elmo | D92: =IFERROR(__xludf.DUMMYFUNCTION("""COMPUTED_VALUE"""),34.0) -> 34 | E92: =IFERROR(__xludf.DUMMYFUNCTION("""COMPUTED_VALUE"""),"Velocista 1") -> Velocista 1 | F92: =IFERROR(__xludf.DUMMYFUNCTION("""COMPUTED_VALUE"""),"Lendário") -> Lendário | G92: =IFERROR(__xludf.DUMMYFUNCTION("""COMPUTED_VALUE"""),"Reduz a duração da missão em 10%") -> Reduz a duração da missão em 10% | H92: =IFERROR(__xludf.DUMMYFUNCTION("""COMPUTED_VALUE"""),TRUE) -> TRUE
B93: =IFERROR(__xludf.DUMMYFUNCTION("""COMPUTED_VALUE"""),"Elmo de Guerra de Lu Bu") -> Elmo de Guerra de Lu Bu | C93: =IFERROR(__xludf.DUMMYFUNCTION("""COMPUTED_VALUE"""),"Elmo") -> Elmo | D93: =IFERROR(__xludf.DUMMYFUNCTION("""COMPUTED_VALUE"""),36.0) -> 36 | E93: =IFERROR(__xludf.DUMMYFUNCTION("""COMPUTED_VALUE"""),"Comandante 2") -> Comandante 2 | F93: =IFERROR(__xludf.DUMMYFUNCTION("""COMPUTED_VALUE"""),"Mítico") -> Mítico | G93: =IFERROR(__xludf.DUMMYFUNCTION("""COMPUTED_VALUE"""),"Aumenta a força dos guerreiros do grupo em 25%") -> Aumenta a força dos guerreiros do grupo em 25% | H93: =IFERROR(__xludf.DUMMYFUNCTION("""COMPUTED_VALUE"""),TRUE) -> TRUE
B94: =IFERROR(__xludf.DUMMYFUNCTION("""COMPUTED_VALUE"""),"Elmo de Escamas de Dragão") -> Elmo de Escamas de Dragão | C94: =IFERROR(__xludf.DUMMYFUNCTION("""COMPUTED_VALUE"""),"Elmo") -> Elmo | D94: =IFERROR(__xludf.DUMMYFUNCTION("""COMPUTED_VALUE"""),38.0) -> 38 | E94: =IFERROR(__xludf.DUMMYFUNCTION("""COMPUTED_VALUE"""),"Companheiro de Guerra 1") -> Companheiro de Guerra 1 | F94: =IFERROR(__xludf.DUMMYFUNCTION("""COMPUTED_VALUE"""),"Lendário") -> Lendário | G94: =IFERROR(__xludf.DUMMYFUNCTION("""COMPUTED_VALUE"""),"Aumenta a taxa de sobrevivência de membros masculinos do grupo em 5%") -> Aumenta a taxa de sobrevivência de membros masculinos do grupo em 5% | H94: =IFERROR(__xludf.DUMMYFUNCTION("""COMPUTED_VALUE"""),TRUE) -> TRUE
B95: =IFERROR(__xludf.DUMMYFUNCTION("""COMPUTED_VALUE"""),"Coroa de Korra") -> Coroa de Korra | C95: =IFERROR(__xludf.DUMMYFUNCTION("""COMPUTED_VALUE"""),"Elmo") -> Elmo | D95: =IFERROR(__xludf.DUMMYFUNCTION("""COMPUTED_VALUE"""),38.0) -> 38 | E95: =IFERROR(__xludf.DUMMYFUNCTION("""COMPUTED_VALUE"""),"Suporte 2") -> Suporte 2 | F95: =IFERROR(__xludf.DUMMYFUNCTION("""COMPUTED_VALUE"""),"Épico") -> Épico | G95: =IFERROR(__xludf.DUMMYFUNCTION("""COMPUTED_VALUE"""),"Impede que o equipamento de um companheiro se quebre 2 vezes") -> Impede que o equipamento de um companheiro se quebre 2 vezes | H95: =IFERROR(__xludf.DUMMYFUNCTION("""COMPUTED_VALUE"""),TRUE) -> TRUE
B96: =IFERROR(__xludf.DUMMYFUNCTION("""COMPUTED_VALUE"""),"Elmo de Adamantium") -> Elmo de Adamantium | C96: =IFERROR(__xludf.DUMMYFUNCTION("""COMPUTED_VALUE"""),"Elmo") -> Elmo | D96: =IFERROR(__xludf.DUMMYFUNCTION("""COMPUTED_VALUE"""),40.0) -> 40 | E96: =IFERROR(__xludf.DUMMYFUNCTION("""COMPUTED_VALUE"""),"Energético 1") -> Energético 1 | F96: =IFERROR(__xludf.DUMMYFUNCTION("""COMPUTED_VALUE"""),"Lendário") -> Lendário | G96: =IFERROR(__xludf.DUMMYFUNCTION("""COMPUTED_VALUE"""),"Reduz o tempo de espera depois da missão em 50%") -> Reduz o tempo de espera depois da missão em 50% | H96: =IFERROR(__xludf.DUMMYFUNCTION("""COMPUTED_VALUE"""),TRUE) -> TRUE
B97: =IFERROR(__xludf.DUMMYFUNCTION("""COMPUTED_VALUE"""),"Barbuta de Fogo-Gelo") -> Barbuta de Fogo-Gelo | C97: =IFERROR(__xludf.DUMMYFUNCTION("""COMPUTED_VALUE"""),"Elmo") -> Elmo | D97: =IFERROR(__xludf.DUMMYFUNCTION("""COMPUTED_VALUE"""),45.0) -> 45 | E97: =IFERROR(__xludf.DUMMYFUNCTION("""COMPUTED_VALUE"""),"Cone-gélido") -> Cone-gélido | F97: =IFERROR(__xludf.DUMMYFUNCTION("""COMPUTED_VALUE"""),"Lendário") -> Lendário | G97: =IFERROR(__xludf.DUMMYFUNCTION("""COMPUTED_VALUE"""),"Aumenta a força em 40%") -> Aumenta a força em 40% | H97: =IFERROR(__xludf.DUMMYFUNCTION("""COMPUTED_VALUE"""),TRUE) -> TRUE
B98: =IFERROR(__xludf.DUMMYFUNCTION("""COMPUTED_VALUE"""),"Inteligência Artifical") -> Inteligência Artifical | C98: =IFERROR(__xludf.DUMMYFUNCTION("""COMPUTED_VALUE"""),"Elmo") -> Elmo | D98: =IFERROR(__xludf.DUMMYFUNCTION("""COMPUTED_VALUE"""),47.0) -> 47 | E98: =IFERROR(__xludf.DUMMYFUNCTION("""COMPUTED_VALUE"""),"Líder 3") -> Líder 3 | F98: =IFERROR(__xludf.DUMMYFUNCTION("""COMPUTED_VALUE"""),"Lendário") -> Lendário | G98: =IFERROR(__xludf.DUMMYFUNCTION("""COMPUTED_VALUE"""),"Aumenta o número de companheiros em +3") -> Aumenta o número de companheiros em +3 | H98: =IFERROR(__xludf.DUMMYFUNCTION("""COMPUTED_VALUE"""),TRUE) -> TRUE
B99: =IFERROR(__xludf.DUMMYFUNCTION("""COMPUTED_VALUE"""),"Elmo de Jade") -> Elmo de Jade | C99: =IFERROR(__xludf.DUMMYFUNCTION("""COMPUTED_VALUE"""),"Elmo") -> Elmo | D99: =IFERROR(__xludf.DUMMYFUNCTION("""COMPUTED_VALUE"""),50.0) -> 50 | E99: =IFERROR(__xludf.DUMMYFUNCTION("""COMPUTED_VALUE"""),"Pele de pedra") -> Pele de pedra | F99: =IFERROR(__xludf.DUMMYFUNCTION("""COMPUTED_VALUE"""),"Mítico") -> Mítico | G99: =IFERROR(__xludf.DUMMYFUNCTION("""COMPUTED_VALUE"""),"Aumenta a força em 30%") -> Aumenta a força em 30% | H99: =IFERROR(__xludf.DUMMYFUNCTION("""COMPUTED_VALUE"""),TRUE) -> TRUE
B100: =IFERROR(__xludf.DUMMYFUNCTION("""COMPUTED_VALUE"""),"Viper Headdress") -> Viper Headdress | C100: =IFERROR(__xludf.DUMMYFUNCTION("""COMPUTED_VALUE"""),"Elmo") -> Elmo | D100: =IFERROR(__xludf.DUMMYFUNCTION("""COMPUTED_VALUE"""),54.0) -> 54 | E100: =IFERROR(__xludf.DUMMYFUNCTION("""COMPUTED_VALUE"""),"Suporte 3") -> Suporte 3 | F100: =IFERROR(__xludf.DUMMYFUNCTION("""COMPUTED_VALUE"""),"Mítico") -> Mítico | G100: =IFERROR(__xludf.DUMMYFUNCTION("""COMPUTED_VALUE"""),"Impede que o equipamento de um companheiro se quebre 3 vezes") -> Impede que o equipamento de um companheiro se quebre 3 vezes | H100: =IFERROR(__xludf.DUMMYFUNCTION("""COMPUTED_VALUE"""),TRUE) -> TRUE
...

Sheet Personagem
B1: Albert | C1: Alicia | D1: Azula | E1: Charles | F1: Clovis | G1: Darthos | H1: Edward | I1: Fiora | J1: Francesca | K1: Garreth | L1: Gauvin | M1: Irene | N1: Karal | O1: Kuro Shobi | P1: Kurul | Q1: Lancaster | R1: Lorelei | S1: Louca | T1: Melina | U1: Mila | V1: Minh | W1: Mojian | X1: Nya | Y1: Odette | Z1: Oneira | AA1: Palash | AB1: Theor | AC1: Yue
A2: Arma | B2: Arco | C2: Espada | D2: Cajado | E2: Cajado | F2: Espada | G2: Espada | H2: Espada | I2: Cajado | J2: Cajado | K2: Arco | L2: Espada | M2: Espada | N2: Lança | O2: Arco | P2: Lança | Q2: Espada | R2: Faca | S2: Martelo | T2: Arco | U2: Arco | V2: Arco | W2: Arco | X2: Cajado | Y2: Arco | Z2: Arco | AA2: Arco | AB2: Espada | AC2: Arco
B3: Cajado | C3: Lança | D3: Faca | E3: Arco | F3: Lança | G3: Faca | H3: Lança | I3: Espada | J3: Espada | K3: Faca | L3: Lança | M3: Faca | N3: Machado | O3: Espada | P3: Machado | Q3: Lança | R3: Pistola | S3: Pistola | T3: Cajado | U3: Faca | V3: Cajado | W3: Cajado | X3: Faca | Y3: Espada | Z3: Cajado | AA3: Machado | AB3: Lança | AC3: Espada
B4: Faca | C4: Machado | D4: Lança | F4: Machado | G4: Pistola | H4: Machado | I4: Lança | J4: Lança | K4: Pistola | L4: Machado | M4: Pistola | N4: Martelo | O4: Faca | P4: Martelo | Q4: Machado | T4: Faca | U4: Martelo | V4: Martelo | W4: Pistola | X4: Lança | Y4: Faca | Z4: Faca | AA4: Pistola | AB4: Machado | AC4: Lança
C5: Martelo | F5: Martelo | H5: Martelo | I5: Martelo | J5: Pistola | L5: Martelo | O5: Pistola | Q5: Martelo | Y5: Pistola | AB5: Martelo
A6: Peito | B6: Túnica | C6: Armadura | D6: Túnica | E6: Túnica | F6: Armadura | G6: Veste | H6: Armadura | I6: Armadura | J6: Armadura | K6: Veste | L6: Armadura | M6: Veste | N6: Armadura | O6: Túnica | P6: Armadura | Q6: Armadura | R6: Túnica | S6: Veste | T6: Túnica | U6: Veste | V6: Túnica | W6: Armadura | X6: Túnica | Y6: Túnica | Z6: Túnica | AA6: Veste | AB6: Armadura | AC6: Armadura
B7: Veste | E7: Veste | H7: Túnica | I7: Túnica | J7: Túnica | N7: Veste | O7: Veste | P7: Veste | R7: Veste | W7: Túnica | Y7: Veste | AB7: Veste | AC7: Veste
A8: Cabeça | B8: Chapéu | C8: Elmo | D8: Chapéu | E8: Chapéu | F8: Elmo | G8: Chapéu | H8: Elmo | I8: Elmo | J8: Elmo | K8: Chapéu | L8: Elmo | M8: Chapéu | N8: Elmo | O8: Chapéu | P8: Elmo | Q8: Elmo | R8: Chapéu | S8: Chapéu | T8: Chapéu | U8: Chapéu | V8: Chapéu | W8: Elmo | X8: Chapéu | Y8: Chapéu | Z8: Chapéu | AA8: Chapéu | AB8: Elmo | AC8: Chapéu
G9: Elmo | AC9: Elmo
A10: Mãos | B10: Luvas | C10: Manopla | D10: Luvas | E10: Luvas | F10: Manopla | G10: Luvas | H10: Manopla | I10: Manopla | J10: Manopla | K10: Luvas | L10: Manopla | M10: Luvas | N10: Manopla | O10: Luvas | P10: Manopla | Q10: Manopla | R10: Luvas | S10: Manopla | T10: Luvas | U10: Luvas | V10: Luvas | W10: Manopla | X10: Luvas | Y10: Luvas | Z10: Luvas | AA10: Luvas | AB10: Manopla | AC10: Luvas
AC11: Manopla
A12: Pés | B12: Sapatos | C12: Botas | D12: Sapatos | E12: Sapatos | F12: Botas | G12: Botas | H12: Botas | I12: Botas | J12: Botas | K12: Sapatos | L12: Botas | M12: Botas | N12: Botas | O12: Sapatos | P12: Botas | Q12: Botas | R12: Sapatos | S12: Botas | T12: Sapatos | U12: Sapatos | V12: Sapatos | W12: Botas | X12: Sapatos | Y12: Sapatos | Z12: Sapatos | AA12: Sapatos | AB12: Botas | AC12: Botas
S13: Sapatos | AC13: Sapatos
A14: Acessório 1 | B14: Instrumento | C14: Escudo | D14: Anel | E14: Instrumento | F14: Escudo | G14: Anel | H14: Escudo | I14: Anel | J14: Instrumento | K14: Anel | L14: Escudo | M14: Anel | N14: Escudo | O14: Anel | P14: Escudo | Q14: Escudo | R14: Anel | S14: Anel | T14: Anel | U14: Anel | V14: Instrumento | W14: Pingente | X14: Anel | Y14: Anel | Z14: Anel | AA14: Anel | AB14: Escudo | AC14: Pingente
B15: Pingente | C15: Instrumento | D15: Instrumento | G15: Escudo | I15: Escudo | K15: Pingente | L15: Pingente | M15: Escudo | N15: Pingente | O15: Instrumento | P15: Pingente | S15: Escudo | T15: Pingente | U15: Pingente | V15: Pingente | X15: Instrumento | Y15: Pingente | Z15: Instrumento | AA15: Instrumento
D16: Pingente | S16: Pingente | Z16: Pingente
A17: Acessório 2 | B17: Pergaminho | C17: Erva | D17: Erva | E17: Pergaminho | F17: Erva | G17: Erva | H17: Pergaminho | I17: Poção | J17: Pergaminho | K17: Erva | L17: Erva | M17: Poção | N17: Poção | O17: Projétil | P17: Erva | Q17: Erva | R17: Projétil | S17: Erva | T17: Erva | U17: Erva | V17: Pergaminho | W17: Pergaminho | X17: Erva | Y17: Projétil | Z17: Pergaminho | AA17: Erva | AB17: Erva | AC17: Erva
B18: Poção | C18: Projétil | D18: Pergaminho | F18: Poção | G18: Projétil | H18: Poção | J18: Poção | K18: Projétil | L18: Poção | M18: Projétil | N18: Projétil | Q18: Poção | S18: Projétil | T18: Pergaminho | U18: Projétil | V18: Poção | W18: Poção | X18: Pergaminho | Z18: Poção | AA18: Projétil | AC18: Pergaminho
A20: Consultar na tabela dinâmica os equipamentos que o personagem usa

Sheet cod_planilha
A1: "15YC3Wi7qFmdVjHeW_UCnbsoqaugkIEVJhDMDhRjct1c"

Sheet Armas do jogo
B1: Item | E1: Efeito
B2: Nome | C2: Tipo | D2: Nível | E2: Efeito | F2: Qualidade | G2: Bônus | H2: Tem? | I2: Onde conseguir
B3: Anel estrelado | C3: Anel | D3: 8 | E3: Cone-gélido | F3: Épico | G3: =IF(or(E3="Bola de fogo", E3="Cortar", E3="Esmagar"), "Aumenta a força em 25%", if(E3="Pele de pedra", "Aumenta a força em 30%", if(E3="Berserker", "Aumenta a força em 35%", if(E3="Cone-gélido", "Aumenta a força em 40%", if(E3="Raio elétrico", "Aumenta a força em 50%", if(E3="Emboscada", "Aumenta a força 25% das vezes", if(E3="Defesa", "Aumenta a defesa do equipamento em 10%", if(E3="Passo das Sombras", "Evita ferimentos 15% das vezes", if(E3="Detectar segredo", "Aumenta o número máximo de artefatos e itens de raid encontrados por cada membro do grupo em +1", if(E3="Encontrar mágica", "Aumenta o número máximo de artefatos e itens de raid encontrados por cada membro do grupo em +2", if(E3="Aura de proteção", "Aumenta a taxa de sobrevivência do grupo em 8%", if(E3="Revide", "Aumenta a força do equipamento em 20%", if(E3="Mestre das armas", "Aumenta a força do equipamento em 75%", if(E3="Arquimago 1", "Aumenta a força dos feiticeiros do grupo em 10%", if(E3="Arquimago 2", "Aumenta a força dos feiticeiros do grupo em 20%", if(E3="Arquimago 3", "Aumenta a força dos feiticeiros do grupo em 30%", if(E3="Energético 1", "Reduz o tempo de espera depois da missão em 50%", if(E3="Energético 2", "Reduz o tempo de espera depois da missão em 75%", if(E3="Energético 3", "Reduz o tempo de espera depois da missão em 100%", if(E3="Cuidadoso 1", "Diminui a chance de quebra de equipamento em 15% das vezes", if(E3="Cuidadoso 2", "Diminui a chance de quebra de equipamento em 30% das vezes", if(E3="Cuidadoso 3", "Diminui a chance de quebra de equipamento em 50% das vezes", if(E3="Ganancioso 1", "Encontra mais 50% de ouro durante as missões", if(E3="Ganancioso 2", "Encontra mais 100% de ouro durante as missões", if(E3="Ganancioso 3", "Encontra mais 200% de ouro durante as missões", if(E3="Curandeiro 1", "Reduz o tempo de cura de companheiros em 10%", if(E3="Curandeiro 2", "Reduz o tempo de cura de companheiros em 25%", if(E3="Curandeiro 3", "Reduz o tempo de cura de companheiros em 50%", if(E3="Sortudo 1", "Evita ferimentos 10% das vezes", if(E3="Sortudo 2", "Evita ferimentos 20% das vezes", if(E3="Sortudo 3", "Evita ferimentos 30% das vezes", if(E3="Protetor 1", "Aumenta a taxa de sobrevivência do grupo em 2%", if(E3="Protetor 2", "Aumenta a taxa de sobrevivência do grupo em 5%", if(E3="Protetor 3", "Aumenta a taxa de sobrevivência do grupo em 10%", if(E3="Resistente 1", "Obtém pelo menos 25% de experiência quando ferido e a missão é bem sucedida", if(E3="Resistente 2", "Obtém pelo menos 50% de experiência quando ferido e a missão é bem sucedida", if(E3="Resistente 3", "Obtém pelo menos 100% de experiência quando ferido e a missão é bem sucedida", if(E3="Engenhoso 1", "Impede que 1 peça de equipamento se quebre durante a missão", if(E3="Engenhoso 2", "Impede que 2 peças de equipamento se quebre durante a missão", if(E3="Engenhoso 3", "Impede que 3 peças de equipamento se quebre durante a missão", if(E3="Reviver 1", "Revive um companheiro derrotado 5% das vezes", if(E3="Reviver 2", "Revive um companheiro derrotado 10% das vezes", if(E3="Reviver 3", "Revive um companheiro derrotado 15% das vezes", if(E3="Catador 1", "Aumenta o número mínimo de itens e artefatos encontrados em +1", if(E3="Catador 2", "Aumenta o número mínimo de itens e artefatos encontrados em +2", if(E3="Catador 3", "Aumenta o número mínimo de itens e artefatos encontrados em +3", if(E3="Fornecedor 1", "Reduz a chance de companheiros quebrarem o equipamento em 5%", if(E3="Fornecedor 2", "Reduz a chance de companheiros quebrarem o equipamento em 10%", if(E3="Fornecedor 3", "Reduz a chance de companheiros quebrarem o equipamento em 15%", if(E3="Suporte 1", "Impede que o equipamento de um companheiro se quebre 1 vez", if(E3="Suporte 2", "Impede que o equipamento de um companheiro se quebre 2 vezes", if(E3="Suporte 3", "Impede que o equipamento de um companheiro se quebre 3 vezes", if(E3="Caça-tesouros 1", "Aumenta o número máximo de artefatos e itens de raid encontrados em +2", if(E3="Caça-tesouros 2", "Aumenta o número máximo de artefatos e itens de raid encontrados em +4", if(E3="Caça-tesouros 3", "Aumenta o número máximo de artefatos e itens de raid encontrados em +6", if(E3="Sábio 1", "25% de bônus de experiência", if(E3="Sábio 2", "50% de bônus de experiência", if(E3="Sábio 3", "100% de bônus de experiência", if(E3="Amazona 1", "Aumenta a taxa de sobrevivência de membros femininos do grupo em 5%", if(E3="Amazona 2", "Aumenta a taxa de sobrevivência de membros femininos do grupo em 10%", if(E3="Amazona 3", "Aumenta a taxa de sobrevivência de membros femininos do grupo em 25%", if(E3="Companheiro de Guerra 1", "Aumenta a taxa de sobrevivência de membros masculinos do grupo em 5%", if(E3="Companheiro de Guerra 2", "Aumenta a taxa de sobrevivência de membros masculinos do grupo em 10%", if(E3="Companheiro de Guerra 3", "Aumenta a taxa de sobrevivência de membros masculinos do grupo em 25%", if(E3="Comandante 1", "Aumenta a força dos guerreiros do grupo em 15%", if(E3="Comandante 2", "Aumenta a força dos guerreiros do grupo em 25%", if(E3="Comandante 3", "Aumenta a força dos guerreiros do grupo em 50%", if(E3="Gangster 1", "Aumenta a força do equipamento em 10%", if(or(E3="Gangster 2", E3="Armadura do Mago"), "Aumenta a força do equipamento em 25%", if(E3="Gangster 3", "Aumenta a força do equipamento em 50%", if(E3="Líder 1", "Aumenta o número de companheiros em +1", if(E3="Líder 2", "Aumenta o número de companheiros em +2", if(E3="Líder 3", "Aumenta o número de companheiros em +3", if(E3="Velocista 1", "Reduz a duração da missão em 10%", if(E3="Velocista 2", "Reduz a duração da missão em 25%", if(E3="Velocista 3", "Reduz a duração da missão em 50%", )))))))))))))))))))))))))))))))))))))))))))))))))))))))))))))))))))))))))))) -> Aumenta a força em 40% | H3: TRUE | I3: Superhero Pack
B4: Interesseiro | C4: Anel | D4: 12 | E4: Ganancioso 1 | F4: Impecável | G4: =IF(or(E4="Bola de fogo", E4="Cortar", E4="Esmagar"), "Aumenta a força em 25%", if(E4="Pele de pedra", "Aumenta a força em 30%", if(E4="Berserker", "Aumenta a força em 35%", if(E4="Cone-gélido", "Aumenta a força em 40%", if(E4="Raio elétrico", "Aumenta a força em 50%", if(E4="Emboscada", "Aumenta a força 25% das vezes", if(E4="Defesa", "Aumenta a defesa do equipamento em 10%", if(E4="Passo das Sombras", "Evita ferimentos 15% das vezes", if(E4="Detectar segredo", "Aumenta o número máximo de artefatos e itens de raid encontrados por cada membro do grupo em +1", if(E4="Encontrar mágica", "Aumenta o número máximo de artefatos e itens de raid encontrados por cada membro do grupo em +2", if(E4="Aura de proteção", "Aumenta a taxa de sobrevivência do grupo em 8%", if(E4="Revide", "Aumenta a força do equipamento em 20%", if(E4="Mestre das armas", "Aumenta a força do equipamento em 75%", if(E4="Arquimago 1", "Aumenta a força dos feiticeiros do grupo em 10%", if(E4="Arquimago 2", "Aumenta a força dos feiticeiros do grupo em 20%", if(E4="Arquimago 3", "Aumenta a força dos feiticeiros do grupo em 30%", if(E4="Energético 1", "Reduz o tempo de espera depois da missão em 50%", if(E4="Energético 2", "Reduz o tempo de espera depois da missão em 75%", if(E4="Energético 3", "Reduz o tempo de espera depois da missão em 100%", if(E4="Cuidadoso 1", "Diminui a chance de quebra de equipamento em 15% das vezes", if(E4="Cuidadoso 2", "Diminui a chance de quebra de equipamento em 30% das vezes", if(E4="Cuidadoso 3", "Diminui a chance de quebra de equipamento em 50% das vezes", if(E4="Ganancioso 1", "Encontra mais 50% de ouro durante as missões", if(E4="Ganancioso 2", "Encontra mais 100% de ouro durante as missões", if(E4="Ganancioso 3", "Encontra mais 200% de ouro durante as missões", if(E4="Curandeiro 1", "Reduz o tempo de cura de companheiros em 10%", if(E4="Curandeiro 2", "Reduz o tempo de cura de companheiros em 25%", if(E4="Curandeiro 3", "Reduz o tempo de cura de companheiros em 50%", if(E4="Sortudo 1", "Evita ferimentos 10% das vezes", if(E4="Sortudo 2", "Evita ferimentos 20% das vezes", if(E4="Sortudo 3", "Evita ferimentos 30% das vezes", if(E4="Protetor 1", "Aumenta a taxa de sobrevivência do grupo em 2%", if(E4="Protetor 2", "Aumenta a taxa de sobrevivência do grupo em 5%", if(E4="Protetor 3", "Aumenta a taxa de sobrevivência do grupo em 10%", if(E4="Resistente 1", "Obtém pelo menos 25% de experiência quando ferido e a missão é bem sucedida", if(E4="Resistente 2", "Obtém pelo menos 50% de experiência quando ferido e a missão é bem sucedida", if(E4="Resistente 3", "Obtém pelo menos 100% de experiência quando ferido e a missão é bem sucedida", if(E4="Engenhoso 1", "Impede que 1 peça de equipamento se quebre durante a missão", if(E4="Engenhoso 2", "Impede que 2 peças de equipamento se quebre durante a missão", if(E4="Engenhoso 3", "Impede que 3 peças de equipamento se quebre durante a missão", if(E4="Reviver 1", "Revive um companheiro derrotado 5% das vezes", if(E4="Reviver 2", "Revive um companheiro derrotado 10% das vezes", if(E4="Reviver 3", "Revive um companheiro derrotado 15% das vezes", if(E4="Catador 1", "Aumenta o número mínimo de itens e artefatos encontrados em +1", if(E4="Catador 2", "Aumenta o número mínimo de itens e artefatos encontrados em +2", if(E4="Catador 3", "Aumenta o número mínimo de itens e artefatos encontrados em +3", if(E4="Fornecedor 1", "Reduz a chance de companheiros quebrarem o equipamento em 5%", if(E4="Fornecedor 2", "Reduz a chance de companheiros quebrarem o equipamento em 10%", if(E4="Fornecedor 3", "Reduz a chance de companheiros quebrarem o equipamento em 15%", if(E4="Suporte 1", "Impede que o equipamento de um companheiro se quebre 1 vez", if(E4="Suporte 2", "Impede que o equipamento de um companheiro se quebre 2 vezes", if(E4="Suporte 3", "Impede que o equipamento de um companheiro se quebre 3 vezes", if(E4="Caça-tesouros 1", "Aumenta o número máximo de artefatos e itens de raid encontrados em +2", if(E4="Caça-tesouros 2", "Aumenta o número máximo de artefatos e itens de raid encontrados em +4", if(E4="Caça-tesouros 3", "Aumenta o número máximo de artefatos e itens de raid encontrados em +6", if(E4="Sábio 1", "25% de bônus de experiência", if(E4="Sábio 2", "50% de bônus de experiência", if(E4="Sábio 3", "100% de bônus de experiência", if(E4="Amazona 1", "Aumenta a taxa de sobrevivência de membros femininos do grupo em 5%", if(E4="Amazona 2", "Aumenta a taxa de sobrevivência de membros femininos do grupo em 10%", if(E4="Amazona 3", "Aumenta a taxa de sobrevivência de membros femininos do grupo em 25%", if(E4="Companheiro de Guerra 1", "Aumenta a taxa de sobrevivência de membros masculinos do grupo em 5%", if(E4="Companheiro de Guerra 2", "Aumenta a taxa de sobrevivência de membros masculinos do grupo em 10%", if(E4="Companheiro de Guerra 3", "Aumenta a taxa de sobrevivência de membros masculinos do grupo em 25%", if(E4="Comandante 1", "Aumenta a força dos guerreiros do grupo em 15%", if(E4="Comandante 2", "Aumenta a força dos guerreiros do grupo em 25%", if(E4="Comandante 3", "Aumenta a força dos guerreiros do grupo em 50%", if(E4="Gangster 1", "Aumenta a força do equipamento em 10%", if(or(E4="Gangster 2", E4="Armadura do Mago"), "Aumenta a força do equipamento em 25%", if(E4="Gangster 3", "Aumenta a força do equipamento em 50%", if(E4="Líder 1", "Aumenta o número de companheiros em +1", if(E4="Líder 2", "Aumenta o número de companheiros em +2", if(E4="Líder 3", "Aumenta o número de companheiros em +3", if(E4="Velocista 1", "Reduz a duração da missão em 10%", if(E4="Velocista 2", "Reduz a duração da missão em 25%", if(E4="Velocista 3", "Reduz a duração da missão em 50%", )))))))))))))))))))))))))))))))))))))))))))))))))))))))))))))))))))))))))))) -> Encontra mais 50% de ouro durante as missões | H4: TRUE | I4: Baú de Couro
B5: Anel ferradura | C5: Anel | D5: 20 | E5: Líder 1 | F5: Impecável | G5: =IF(or(E5="Bola de fogo", E5="Cortar", E5="Esmagar"), "Aumenta a força em 25%", if(E5="Pele de pedra", "Aumenta a força em 30%", if(E5="Berserker", "Aumenta a força em 35%", if(E5="Cone-gélido", "Aumenta a força em 40%", if(E5="Raio elétrico", "Aumenta a força em 50%", if(E5="Emboscada", "Aumenta a força 25% das vezes", if(E5="Defesa", "Aumenta a defesa do equipamento em 10%", if(E5="Passo das Sombras", "Evita ferimentos 15% das vezes", if(E5="Detectar segredo", "Aumenta o número máximo de artefatos e itens de raid encontrados por cada membro do grupo em +1", if(E5="Encontrar mágica", "Aumenta o número máximo de artefatos e itens de raid encontrados por cada membro do grupo em +2", if(E5="Aura de proteção", "Aumenta a taxa de sobrevivência do grupo em 8%", if(E5="Revide", "Aumenta a força do equipamento em 20%", if(E5="Mestre das armas", "Aumenta a força do equipamento em 75%", if(E5="Arquimago 1", "Aumenta a força dos feiticeiros do grupo em 10%", if(E5="Arquimago 2", "Aumenta a força dos feiticeiros do grupo em 20%", if(E5="Arquimago 3", "Aumenta a força dos feiticeiros do grupo em 30%", if(E5="Energético 1", "Reduz o tempo de espera depois da missão em 50%", if(E5="Energético 2", "Reduz o tempo de espera depois da missão em 75%", if(E5="Energético 3", "Reduz o tempo de espera depois da missão em 100%", if(E5="Cuidadoso 1", "Diminui a chance de quebra de equipamento em 15% das vezes", if(E5="Cuidadoso 2", "Diminui a chance de quebra de equipamento em 30% das vezes", if(E5="Cuidadoso 3", "Diminui a chance de quebra de equipamento em 50% das vezes", if(E5="Ganancioso 1", "Encontra mais 50% de ouro durante as missões", if(E5="Ganancioso 2", "Encontra mais 100% de ouro durante as missões", if(E5="Ganancioso 3", "Encontra mais 200% de ouro durante as missões", if(E5="Curandeiro 1", "Reduz o tempo de cura de companheiros em 10%", if(E5="Curandeiro 2", "Reduz o tempo de cura de companheiros em 25%", if(E5="Curandeiro 3", "Reduz o tempo de cura de companheiros em 50%", if(E5="Sortudo 1", "Evita ferimentos 10% das vezes", if(E5="Sortudo 2", "Evita ferimentos 20% das vezes", if(E5="Sortudo 3", "Evita ferimentos 30% das vezes", if(E5="Protetor 1", "Aumenta a taxa de sobrevivência do grupo em 2%", if(E5="Protetor 2", "Aumenta a taxa de sobrevivência do grupo em 5%", if(E5="Protetor 3", "Aumenta a taxa de sobrevivência do grupo em 10%", if(E5="Resistente 1", "Obtém pelo menos 25% de experiência quando ferido e a missão é bem sucedida", if(E5="Resistente 2", "Obtém pelo menos 50% de experiência quando ferido e a missão é bem sucedida", if(E5="Resistente 3", "Obtém pelo menos 100% de experiência quando ferido e a missão é bem sucedida", if(E5="Engenhoso 1", "Impede que 1 peça de equipamento se quebre durante a missão", if(E5="Engenhoso 2", "Impede que 2 peças de equipamento se quebre durante a missão", if(E5="Engenhoso 3", "Impede que 3 peças de equipamento se quebre durante a missão", if(E5="Reviver 1", "Revive um companheiro derrotado 5% das vezes", if(E5="Reviver 2", "Revive um companheiro derrotado 10% das vezes", if(E5="Reviver 3", "Revive um companheiro derrotado 15% das vezes", if(E5="Catador 1", "Aumenta o número mínimo de itens e artefatos encontrados em +1", if(E5="Catador 2", "Aumenta o número mínimo de itens e artefatos encontrados em +2", if(E5="Catador 3", "Aumenta o número mínimo de itens e artefatos encontrados em +3", if(E5="Fornecedor 1", "Reduz a chance de companheiros quebrarem o equipamento em 5%", if(E5="Fornecedor 2", "Reduz a chance de companheiros quebrarem o equipamento em 10%", if(E5="Fornecedor 3", "Reduz a chance de companheiros quebrarem o equipamento em 15%", if(E5="Suporte 1", "Impede que o equipamento de um companheiro se quebre 1 vez", if(E5="Suporte 2", "Impede que o equipamento de um companheiro se quebre 2 vezes", if(E5="Suporte 3", "Impede que o equipamento de um companheiro se quebre 3 vezes", if(E5="Caça-tesouros 1", "Aumenta o número máximo de artefatos e itens de raid encontrados em +2", if(E5="Caça-tesouros 2", "Aumenta o número máximo de artefatos e itens de raid encontrados em +4", if(E5="Caça-tesouros 3", "Aumenta o número máximo de artefatos e itens de raid encontrados em +6", if(E5="Sábio 1", "25% de bônus de experiência", if(E5="Sábio 2", "50% de bônus de experiência", if(E5="Sábio 3", "100% de bônus de experiência", if(E5="Amazona 1", "Aumenta a taxa de sobrevivência de membros femininos do grupo em 5%", if(E5="Amazona 2", "Aumenta a taxa de sobrevivência de membros femininos do grupo em 10%", if(E5="Amazona 3", "Aumenta a taxa de sobrevivência de membros femininos do grupo em 25%", if(E5="Companheiro de Guerra 1", "Aumenta a taxa de sobrevivência de membros masculinos do grupo em 5%", if(E5="Companheiro de Guerra 2", "Aumenta a taxa de sobrevivência de membros masculinos do grupo em 10%", if(E5="Companheiro de Guerra 3", "Aumenta a taxa de sobrevivência de membros masculinos do grupo em 25%", if(E5="Comandante 1", "Aumenta a força dos guerreiros do grupo em 15%", if(E5="Comandante 2", "Aumenta a força dos guerreiros do grupo em 25%", if(E5="Comandante 3", "Aumenta a força dos guerreiros do grupo em 50%", if(E5="Gangster 1", "Aumenta a força do equipamento em 10%", if(or(E5="Gangster 2", E5="Armadura do Mago"), "Aumenta a força do equipamento em 25%", if(E5="Gangster 3", "Aumenta a força do equipamento em 50%", if(E5="Líder 1", "Aumenta o número de companheiros em +1", if(E5="Líder 2", "Aumenta o número de companheiros em +2", if(E5="Líder 3", "Aumenta o número de companheiros em +3", if(E5="Velocista 1", "Reduz a duração da missão em 10%", if(E5="Velocista 2", "Reduz a duração da missão em 25%", if(E5="Velocista 3", "Reduz a duração da missão em 50%", )))))))))))))))))))))))))))))))))))))))))))))))))))))))))))))))))))))))))))) -> Aumenta o número de companheiros em +1 | H5: TRUE | I5: Luck of the Irish Pack
B6: Perseguindo a lua | C6: Anel | D6: 22 | E6: Caça-tesouros 1 | F6: Impecável | G6: =IF(or(E6="Bola de fogo", E6="Cortar", E6="Esmagar"), "Aumenta a força em 25%", if(E6="Pele de pedra", "Aumenta a força em 30%", if(E6="Berserker", "Aumenta a força em 35%", if(E6="Cone-gélido", "Aumenta a força em 40%", if(E6="Raio elétrico", "Aumenta a força em 50%", if(E6="Emboscada", "Aumenta a força 25% das vezes", if(E6="Defesa", "Aumenta a defesa do equipamento em 10%", if(E6="Passo das Sombras", "Evita ferimentos 15% das vezes", if(E6="Detectar segredo", "Aumenta o número máximo de artefatos e itens de raid encontrados por cada membro do grupo em +1", if(E6="Encontrar mágica", "Aumenta o número máximo de artefatos e itens de raid encontrados por cada membro do grupo em +2", if(E6="Aura de proteção", "Aumenta a taxa de sobrevivência do grupo em 8%", if(E6="Revide", "Aumenta a força do equipamento em 20%", if(E6="Mestre das armas", "Aumenta a força do equipamento em 75%", if(E6="Arquimago 1", "Aumenta a força dos feiticeiros do grupo em 10%", if(E6="Arquimago 2", "Aumenta a força dos feiticeiros do grupo em 20%", if(E6="Arquimago 3", "Aumenta a força dos feiticeiros do grupo em 30%", if(E6="Energético 1", "Reduz o tempo de espera depois da missão em 50%", if(E6="Energético 2", "Reduz o tempo de espera depois da missão em 75%", if(E6="Energético 3", "Reduz o tempo de espera depois da missão em 100%", if(E6="Cuidadoso 1", "Diminui a chance de quebra de equipamento em 15% das vezes", if(E6="Cuidadoso 2", "Diminui a chance de quebra de equipamento em 30% das vezes", if(E6="Cuidadoso 3", "Diminui a chance de quebra de equipamento em 50% das vezes", if(E6="Ganancioso 1", "Encontra mais 50% de ouro durante as missões", if(E6="Ganancioso 2", "Encontra mais 100% de ouro durante as missões", if(E6="Ganancioso 3", "Encontra mais 200% de ouro durante as missões", if(E6="Curandeiro 1", "Reduz o tempo de cura de companheiros em 10%", if(E6="Curandeiro 2", "Reduz o tempo de cura de companheiros em 25%", if(E6="Curandeiro 3", "Reduz o tempo de cura de companheiros em 50%", if(E6="Sortudo 1", "Evita ferimentos 10% das vezes", if(E6="Sortudo 2", "Evita ferimentos 20% das vezes", if(E6="Sortudo 3", "Evita ferimentos 30% das vezes", if(E6="Protetor 1", "Aumenta a taxa de sobrevivência do grupo em 2%", if(E6="Protetor 2", "Aumenta a taxa de sobrevivência do grupo em 5%", if(E6="Protetor 3", "Aumenta a taxa de sobrevivência do grupo em 10%", if(E6="Resistente 1", "Obtém pelo menos 25% de experiência quando ferido e a missão é bem sucedida", if(E6="Resistente 2", "Obtém pelo menos 50% de experiência quando ferido e a missão é bem sucedida", if(E6="Resistente 3", "Obtém pelo menos 100% de experiência quando ferido e a missão é bem sucedida", if(E6="Engenhoso 1", "Impede que 1 peça de equipamento se quebre durante a missão", if(E6="Engenhoso 2", "Impede que 2 peças de equipamento se quebre durante a missão", if(E6="Engenhoso 3", "Impede que 3 peças de equipamento se quebre durante a missão", if(E6="Reviver 1", "Revive um companheiro derrotado 5% das vezes", if(E6="Reviver 2", "Revive um companheiro derrotado 10% das vezes", if(E6="Reviver 3", "Revive um companheiro derrotado 15% das vezes", if(E6="Catador 1", "Aumenta o número mínimo de itens e artefatos encontrados em +1", if(E6="Catador 2", "Aumenta o número mínimo de itens e artefatos encontrados em +2", if(E6="Catador 3", "Aumenta o número mínimo de itens e artefatos encontrados em +3", if(E6="Fornecedor 1", "Reduz a chance de companheiros quebrarem o equipamento em 5%", if(E6="Fornecedor 2", "Reduz a chance de companheiros quebrarem o equipamento em 10%", if(E6="Fornecedor 3", "Reduz a chance de companheiros quebrarem o equipamento em 15%", if(E6="Suporte 1", "Impede que o equipamento de um companheiro se quebre 1 vez", if(E6="Suporte 2", "Impede que o equipamento de um companheiro se quebre 2 vezes", if(E6="Suporte 3", "Impede que o equipamento de um companheiro se quebre 3 vezes", if(E6="Caça-tesouros 1", "Aumenta o número máximo de artefatos e itens de raid encontrados em +2", if(E6="Caça-tesouros 2", "Aumenta o número máximo de artefatos e itens de raid encontrados em +4", if(E6="Caça-tesouros 3", "Aumenta o número máximo de artefatos e itens de raid encontrados em +6", if(E6="Sábio 1", "25% de bônus de experiência", if(E6="Sábio 2", "50% de bônus de experiência", if(E6="Sábio 3", "100% de bônus de experiência", if(E6="Amazona 1", "Aumenta a taxa de sobrevivência de membros femininos do grupo em 5%", if(E6="Amazona 2", "Aumenta a taxa de sobrevivência de membros femininos do grupo em 10%", if(E6="Amazona 3", "Aumenta a taxa de sobrevivência de membros femininos do grupo em 25%", if(E6="Companheiro de Guerra 1", "Aumenta a taxa de sobrevivência de membros masculinos do grupo em 5%", if(E6="Companheiro de Guerra 2", "Aumenta a taxa de sobrevivência de membros masculinos do grupo em 10%", if(E6="Companheiro de Guerra 3", "Aumenta a taxa de sobrevivência de membros masculinos do grupo em 25%", if(E6="Comandante 1", "Aumenta a força dos guerreiros do grupo em 15%", if(E6="Comandante 2", "Aumenta a força dos guerreiros do grupo em 25%", if(E6="Comandante 3", "Aumenta a força dos guerreiros do grupo em 50%", if(E6="Gangster 1", "Aumenta a força do equipamento em 10%", if(or(E6="Gangster 2", E6="Armadura do Mago"), "Aumenta a força do equipamento em 25%", if(E6="Gangster 3", "Aumenta a força do equipamento em 50%", if(E6="Líder 1", "Aumenta o número de companheiros em +1", if(E6="Líder 2", "Aumenta o número de companheiros em +2", if(E6="Líder 3", "Aumenta o número de companheiros em +3", if(E6="Velocista 1", "Reduz a duração da missão em 10%", if(E6="Velocista 2", "Reduz a duração da missão em 25%", if(E6="Velocista 3", "Reduz a duração da missão em 50%", )))))))))))))))))))))))))))))))))))))))))))))))))))))))))))))))))))))))))))) -> Aumenta o número máximo de artefatos e itens de raid encontrados em +2 | H6: TRUE | I6: Lunar Equinox Pack
B7: Anel do Cruzado | C7: Anel | D7: 25 | E7: Companheiro de Guerra 1 | F7: Épico | G7: =IF(or(E7="Bola de fogo", E7="Cortar", E7="Esmagar"), "Aumenta a força em 25%", if(E7="Pele de pedra", "Aumenta a força em 30%", if(E7="Berserker", "Aumenta a força em 35%", if(E7="Cone-gélido", "Aumenta a força em 40%", if(E7="Raio elétrico", "Aumenta a força em 50%", if(E7="Emboscada", "Aumenta a força 25% das vezes", if(E7="Defesa", "Aumenta a defesa do equipamento em 10%", if(E7="Passo das Sombras", "Evita ferimentos 15% das vezes", if(E7="Detectar segredo", "Aumenta o número máximo de artefatos e itens de raid encontrados por cada membro do grupo em +1", if(E7="Encontrar mágica", "Aumenta o número máximo de artefatos e itens de raid encontrados por cada membro do grupo em +2", if(E7="Aura de proteção", "Aumenta a taxa de sobrevivência do grupo em 8%", if(E7="Revide", "Aumenta a força do equipamento em 20%", if(E7="Mestre das armas", "Aumenta a força do equipamento em 75%", if(E7="Arquimago 1", "Aumenta a força dos feiticeiros do grupo em 10%", if(E7="Arquimago 2", "Aumenta a força dos feiticeiros do grupo em 20%", if(E7="Arquimago 3", "Aumenta a força dos feiticeiros do grupo em 30%", if(E7="Energético 1", "Reduz o tempo de espera depois da missão em 50%", if(E7="Energético 2", "Reduz o tempo de espera depois da missão em 75%", if(E7="Energético 3", "Reduz o tempo de espera depois da missão em 100%", if(E7="Cuidadoso 1", "Diminui a chance de quebra de equipamento em 15% das vezes", if(E7="Cuidadoso 2", "Diminui a chance de quebra de equipamento em 30% das vezes", if(E7="Cuidadoso 3", "Diminui a chance de quebra de equipamento em 50% das vezes", if(E7="Ganancioso 1", "Encontra mais 50% de ouro durante as missões", if(E7="Ganancioso 2", "Encontra mais 100% de ouro durante as missões", if(E7="Ganancioso 3", "Encontra mais 200% de ouro durante as missões", if(E7="Curandeiro 1", "Reduz o tempo de cura de companheiros em 10%", if(E7="Curandeiro 2", "Reduz o tempo de cura de companheiros em 25%", if(E7="Curandeiro 3", "Reduz o tempo de cura de companheiros em 50%", if(E7="Sortudo 1", "Evita ferimentos 10% das vezes", if(E7="Sortudo 2", "Evita ferimentos 20% das vezes", if(E7="Sortudo 3", "Evita ferimentos 30% das vezes", if(E7="Protetor 1", "Aumenta a taxa de sobrevivência do grupo em 2%", if(E7="Protetor 2", "Aumenta a taxa de sobrevivência do grupo em 5%", if(E7="Protetor 3", "Aumenta a taxa de sobrevivência do grupo em 10%", if(E7="Resistente 1", "Obtém pelo menos 25% de experiência quando ferido e a missão é bem sucedida", if(E7="Resistente 2", "Obtém pelo menos 50% de experiência quando ferido e a missão é bem sucedida", if(E7="Resistente 3", "Obtém pelo menos 100% de experiência quando ferido e a missão é bem sucedida", if(E7="Engenhoso 1", "Impede que 1 peça de equipamento se quebre durante a missão", if(E7="Engenhoso 2", "Impede que 2 peças de equipamento se quebre durante a missão", if(E7="Engenhoso 3", "Impede que 3 peças de equipamento se quebre durante a missão", if(E7="Reviver 1", "Revive um companheiro derrotado 5% das vezes", if(E7="Reviver 2", "Revive um companheiro derrotado 10% das vezes", if(E7="Reviver 3", "Revive um companheiro derrotado 15% das vezes", if(E7="Catador 1", "Aumenta o número mínimo de itens e artefatos encontrados em +1", if(E7="Catador 2", "Aumenta o número mínimo de itens e artefatos encontrados em +2", if(E7="Catador 3", "Aumenta o número mínimo de itens e artefatos encontrados em +3", if(E7="Fornecedor 1", "Reduz a chance de companheiros quebrarem o equipamento em 5%", if(E7="Fornecedor 2", "Reduz a chance de companheiros quebrarem o equipamento em 10%", if(E7="Fornecedor 3", "Reduz a chance de companheiros quebrarem o equipamento em 15%", if(E7="Suporte 1", "Impede que o equipamento de um companheiro se quebre 1 vez", if(E7="Suporte 2", "Impede que o equipamento de um companheiro se quebre 2 vezes", if(E7="Suporte 3", "Impede que o equipamento de um companheiro se quebre 3 vezes", if(E7="Caça-tesouros 1", "Aumenta o número máximo de artefatos e itens de raid encontrados em +2", if(E7="Caça-tesouros 2", "Aumenta o número máximo de artefatos e itens de raid encontrados em +4", if(E7="Caça-tesouros 3", "Aumenta o número máximo de artefatos e itens de raid encontrados em +6", if(E7="Sábio 1", "25% de bônus de experiência", if(E7="Sábio 2", "50% de bônus de experiência", if(E7="Sábio 3", "100% de bônus de experiência", if(E7="Amazona 1", "Aumenta a taxa de sobrevivência de membros femininos do grupo em 5%", if(E7="Amazona 2", "Aumenta a taxa de sobrevivência de membros femininos do grupo em 10%", if(E7="Amazona 3", "Aumenta a taxa de sobrevivência de membros femininos do grupo em 25%", if(E7="Companheiro de Guerra 1", "Aumenta a taxa de sobrevivência de membros masculinos do grupo em 5%", if(E7="Companheiro de Guerra 2", "Aumenta a taxa de sobrevivência de membros masculinos do grupo em 10%", if(E7="Companheiro de Guerra 3", "Aumenta a taxa de sobrevivência de membros masculinos do grupo em 25%", if(E7="Comandante 1", "Aumenta a força dos guerreiros do grupo em 15%", if(E7="Comandante 2", "Aumenta a força dos guerreiros do grupo em 25%", if(E7="Comandante 3", "Aumenta a força dos guerreiros do grupo em 50%", if(E7="Gangster 1", "Aumenta a força do equipamento em 10%", if(or(E7="Gangster 2", E7="Armadura do Mago"), "Aumenta a força do equipamento em 25%", if(E7="Gangster 3", "Aumenta a força do equipamento em 50%", if(E7="Líder 1", "Aumenta o número de companheiros em +1", if(E7="Líder 2", "Aumenta o número de companheiros em +2", if(E7="Líder 3", "Aumenta o número de companheiros em +3", if(E7="Velocista 1", "Reduz a duração da missão em 10%", if(E7="Velocista 2", "Reduz a duração da missão em 25%", if(E7="Velocista 3", "Reduz a duração da missão em 50%", )))))))))))))))))))))))))))))))))))))))))))))))))))))))))))))))))))))))))))) -> Aumenta a taxa de sobrevivência de membros masculinos do grupo em 5% | H7: TRUE | I7: Baú de Ouro
B8: Dragão sinete | C8: Anel | D8: 26 | E8: Resistente 2 | F8: Impecável | G8: =IF(or(E8="Bola de fogo", E8="Cortar", E8="Esmagar"), "Aumenta a força em 25%", if(E8="Pele de pedra", "Aumenta a força em 30%", if(E8="Berserker", "Aumenta a força em 35%", if(E8="Cone-gélido", "Aumenta a força em 40%", if(E8="Raio elétrico", "Aumenta a força em 50%", if(E8="Emboscada", "Aumenta a força 25% das vezes", if(E8="Defesa", "Aumenta a defesa do equipamento em 10%", if(E8="Passo das Sombras", "Evita ferimentos 15% das vezes", if(E8="Detectar segredo", "Aumenta o número máximo de artefatos e itens de raid encontrados por cada membro do grupo em +1", if(E8="Encontrar mágica", "Aumenta o número máximo de artefatos e itens de raid encontrados por cada membro do grupo em +2", if(E8="Aura de proteção", "Aumenta a taxa de sobrevivência do grupo em 8%", if(E8="Revide", "Aumenta a força do equipamento em 20%", if(E8="Mestre das armas", "Aumenta a força do equipamento em 75%", if(E8="Arquimago 1", "Aumenta a força dos feiticeiros do grupo em 10%", if(E8="Arquimago 2", "Aumenta a força dos feiticeiros do grupo em 20%", if(E8="Arquimago 3", "Aumenta a força dos feiticeiros do grupo em 30%", if(E8="Energético 1", "Reduz o tempo de espera depois da missão em 50%", if(E8="Energético 2", "Reduz o tempo de espera depois da missão em 75%", if(E8="Energético 3", "Reduz o tempo de espera depois da missão em 100%", if(E8="Cuidadoso 1", "Diminui a chance de quebra de equipamento em 15% das vezes", if(E8="Cuidadoso 2", "Diminui a chance de quebra de equipamento em 30% das vezes", if(E8="Cuidadoso 3", "Diminui a chance de quebra de equipamento em 50% das vezes", if(E8="Ganancioso 1", "Encontra mais 50% de ouro durante as missões", if(E8="Ganancioso 2", "Encontra mais 100% de ouro durante as missões", if(E8="Ganancioso 3", "Encontra mais 200% de ouro durante as missões", if(E8="Curandeiro 1", "Reduz o tempo de cura de companheiros em 10%", if(E8="Curandeiro 2", "Reduz o tempo de cura de companheiros em 25%", if(E8="Curandeiro 3", "Reduz o tempo de cura de companheiros em 50%", if(E8="Sortudo 1", "Evita ferimentos 10% das vezes", if(E8="Sortudo 2", "Evita ferimentos 20% das vezes", if(E8="Sortudo 3", "Evita ferimentos 30% das vezes", if(E8="Protetor 1", "Aumenta a taxa de sobrevivência do grupo em 2%", if(E8="Protetor 2", "Aumenta a taxa de sobrevivência do grupo em 5%", if(E8="Protetor 3", "Aumenta a taxa de sobrevivência do grupo em 10%", if(E8="Resistente 1", "Obtém pelo menos 25% de experiência quando ferido e a missão é bem sucedida", if(E8="Resistente 2", "Obtém pelo menos 50% de experiência quando ferido e a missão é bem sucedida", if(E8="Resistente 3", "Obtém pelo menos 100% de experiência quando ferido e a missão é bem sucedida", if(E8="Engenhoso 1", "Impede que 1 peça de equipamento se quebre durante a missão", if(E8="Engenhoso 2", "Impede que 2 peças de equipamento se quebre durante a missão", if(E8="Engenhoso 3", "Impede que 3 peças de equipamento se quebre durante a missão", if(E8="Reviver 1", "Revive um companheiro derrotado 5% das vezes", if(E8="Reviver 2", "Revive um companheiro derrotado 10% das vezes", if(E8="Reviver 3", "Revive um companheiro derrotado 15% das vezes", if(E8="Catador 1", "Aumenta o número mínimo de itens e artefatos encontrados em +1", if(E8="Catador 2", "Aumenta o número mínimo de itens e artefatos encontrados em +2", if(E8="Catador 3", "Aumenta o número mínimo de itens e artefatos encontrados em +3", if(E8="Fornecedor 1", "Reduz a chance de companheiros quebrarem o equipamento em 5%", if(E8="Fornecedor 2", "Reduz a chance de companheiros quebrarem o equipamento em 10%", if(E8="Fornecedor 3", "Reduz a chance de companheiros quebrarem o equipamento em 15%", if(E8="Suporte 1", "Impede que o equipamento de um companheiro se quebre 1 vez", if(E8="Suporte 2", "Impede que o equipamento de um companheiro se quebre 2 vezes", if(E8="Suporte 3", "Impede que o equipamento de um companheiro se quebre 3 vezes", if(E8="Caça-tesouros 1", "Aumenta o número máximo de artefatos e itens de raid encontrados em +2", if(E8="Caça-tesouros 2", "Aumenta o número máximo de artefatos e itens de raid encontrados em +4", if(E8="Caça-tesouros 3", "Aumenta o número máximo de artefatos e itens de raid encontrados em +6", if(E8="Sábio 1", "25% de bônus de experiência", if(E8="Sábio 2", "50% de bônus de experiência", if(E8="Sábio 3", "100% de bônus de experiência", if(E8="Amazona 1", "Aumenta a taxa de sobrevivência de membros femininos do grupo em 5%", if(E8="Amazona 2", "Aumenta a taxa de sobrevivência de membros femininos do grupo em 10%", if(E8="Amazona 3", "Aumenta a taxa de sobrevivência de membros femininos do grupo em 25%", if(E8="Companheiro de Guerra 1", "Aumenta a taxa de sobrevivência de membros masculinos do grupo em 5%", if(E8="Companheiro de Guerra 2", "Aumenta a taxa de sobrevivência de membros masculinos do grupo em 10%", if(E8="Companheiro de Guerra 3", "Aumenta a taxa de sobrevivência de membros masculinos do grupo em 25%", if(E8="Comandante 1", "Aumenta a força dos guerreiros do grupo em 15%", if(E8="Comandante 2", "Aumenta a força dos guerreiros do grupo em 25%", if(E8="Comandante 3", "Aumenta a força dos guerreiros do grupo em 50%", if(E8="Gangster 1", "Aumenta a força do equipamento em 10%", if(or(E8="Gangster 2", E8="Armadura do Mago"), "Aumenta a força do equipamento em 25%", if(E8="Gangster 3", "Aumenta a força do equipamento em 50%", if(E8="Líder 1", "Aumenta o número de companheiros em +1", if(E8="Líder 2", "Aumenta o número de companheiros em +2", if(E8="Líder 3", "Aumenta o número de companheiros em +3", if(E8="Velocista 1", "Reduz a duração da missão em 10%", if(E8="Velocista 2", "Reduz a duração da missão em 25%", if(E8="Velocista 3", "Reduz a duração da missão em 50%", )))))))))))))))))))))))))))))))))))))))))))))))))))))))))))))))))))))))))))) -> Obtém pelo menos 50% de experiência quando ferido e a missão é bem sucedida | H8: TRUE | I8: Dragon's Armory Pack
B9: Anel de reza | C9: Anel | D9: 27 | E9: Reviver 1 | F9: Impecável | G9: =IF(or(E9="Bola de fogo", E9="Cortar", E9="Esmagar"), "Aumenta a força em 25%", if(E9="Pele de pedra", "Aumenta a força em 30%", if(E9="Berserker", "Aumenta a força em 35%", if(E9="Cone-gélido", "Aumenta a força em 40%", if(E9="Raio elétrico", "Aumenta a força em 50%", if(E9="Emboscada", "Aumenta a força 25% das vezes", if(E9="Defesa", "Aumenta a defesa do equipamento em 10%", if(E9="Passo das Sombras", "Evita ferimentos 15% das vezes", if(E9="Detectar segredo", "Aumenta o número máximo de artefatos e itens de raid encontrados por cada membro do grupo em +1", if(E9="Encontrar mágica", "Aumenta o número máximo de artefatos e itens de raid encontrados por cada membro do grupo em +2", if(E9="Aura de proteção", "Aumenta a taxa de sobrevivência do grupo em 8%", if(E9="Revide", "Aumenta a força do equipamento em 20%", if(E9="Mestre das armas", "Aumenta a força do equipamento em 75%", if(E9="Arquimago 1", "Aumenta a força dos feiticeiros do grupo em 10%", if(E9="Arquimago 2", "Aumenta a força dos feiticeiros do grupo em 20%", if(E9="Arquimago 3", "Aumenta a força dos feiticeiros do grupo em 30%", if(E9="Energético 1", "Reduz o tempo de espera depois da missão em 50%", if(E9="Energético 2", "Reduz o tempo de espera depois da missão em 75%", if(E9="Energético 3", "Reduz o tempo de espera depois da missão em 100%", if(E9="Cuidadoso 1", "Diminui a chance de quebra de equipamento em 15% das vezes", if(E9="Cuidadoso 2", "Diminui a chance de quebra de equipamento em 30% das vezes", if(E9="Cuidadoso 3", "Diminui a chance de quebra de equipamento em 50% das vezes", if(E9="Ganancioso 1", "Encontra mais 50% de ouro durante as missões", if(E9="Ganancioso 2", "Encontra mais 100% de ouro durante as missões", if(E9="Ganancioso 3", "Encontra mais 200% de ouro durante as missões", if(E9="Curandeiro 1", "Reduz o tempo de cura de companheiros em 10%", if(E9="Curandeiro 2", "Reduz o tempo de cura de companheiros em 25%", if(E9="Curandeiro 3", "Reduz o tempo de cura de companheiros em 50%", if(E9="Sortudo 1", "Evita ferimentos 10% das vezes", if(E9="Sortudo 2", "Evita ferimentos 20% das vezes", if(E9="Sortudo 3", "Evita ferimentos 30% das vezes", if(E9="Protetor 1", "Aumenta a taxa de sobrevivência do grupo em 2%", if(E9="Protetor 2", "Aumenta a taxa de sobrevivência do grupo em 5%", if(E9="Protetor 3", "Aumenta a taxa de sobrevivência do grupo em 10%", if(E9="Resistente 1", "Obtém pelo menos 25% de experiência quando ferido e a missão é bem sucedida", if(E9="Resistente 2", "Obtém pelo menos 50% de experiência quando ferido e a missão é bem sucedida", if(E9="Resistente 3", "Obtém pelo menos 100% de experiência quando ferido e a missão é bem sucedida", if(E9="Engenhoso 1", "Impede que 1 peça de equipamento se quebre durante a missão", if(E9="Engenhoso 2", "Impede que 2 peças de equipamento se quebre durante a missão", if(E9="Engenhoso 3", "Impede que 3 peças de equipamento se quebre durante a missão", if(E9="Reviver 1", "Revive um companheiro derrotado 5% das vezes", if(E9="Reviver 2", "Revive um companheiro derrotado 10% das vezes", if(E9="Reviver 3", "Revive um companheiro derrotado 15% das vezes", if(E9="Catador 1", "Aumenta o número mínimo de itens e artefatos encontrados em +1", if(E9="Catador 2", "Aumenta o número mínimo de itens e artefatos encontrados em +2", if(E9="Catador 3", "Aumenta o número mínimo de itens e artefatos encontrados em +3", if(E9="Fornecedor 1", "Reduz a chance de companheiros quebrarem o equipamento em 5%", if(E9="Fornecedor 2", "Reduz a chance de companheiros quebrarem o equipamento em 10%", if(E9="Fornecedor 3", "Reduz a chance de companheiros quebrarem o equipamento em 15%", if(E9="Suporte 1", "Impede que o equipamento de um companheiro se quebre 1 vez", if(E9="Suporte 2", "Impede que o equipamento de um companheiro se quebre 2 vezes", if(E9="Suporte 3", "Impede que o equipamento de um companheiro se quebre 3 vezes", if(E9="Caça-tesouros 1", "Aumenta o número máximo de artefatos e itens de raid encontrados em +2", if(E9="Caça-tesouros 2", "Aumenta o número máximo de artefatos e itens de raid encontrados em +4", if(E9="Caça-tesouros 3", "Aumenta o número máximo de artefatos e itens de raid encontrados em +6", if(E9="Sábio 1", "25% de bônus de experiência", if(E9="Sábio 2", "50% de bônus de experiência", if(E9="Sábio 3", "100% de bônus de experiência", if(E9="Amazona 1", "Aumenta a taxa de sobrevivência de membros femininos do grupo em 5%", if(E9="Amazona 2", "Aumenta a taxa de sobrevivência de membros femininos do grupo em 10%", if(E9="Amazona 3", "Aumenta a taxa de sobrevivência de membros femininos do grupo em 25%", if(E9="Companheiro de Guerra 1", "Aumenta a taxa de sobrevivência de membros masculinos do grupo em 5%", if(E9="Companheiro de Guerra 2", "Aumenta a taxa de sobrevivência de membros masculinos do grupo em 10%", if(E9="Companheiro de Guerra 3", "Aumenta a taxa de sobrevivência de membros masculinos do grupo em 25%", if(E9="Comandante 1", "Aumenta a força dos guerreiros do grupo em 15%", if(E9="Comandante 2", "Aumenta a força dos guerreiros do grupo em 25%", if(E9="Comandante 3", "Aumenta a força dos guerreiros do grupo em 50%", if(E9="Gangster 1", "Aumenta a força do equipamento em 10%", if(or(E9="Gangster 2", E9="Armadura do Mago"), "Aumenta a força do equipamento em 25%", if(E9="Gangster 3", "Aumenta a força do equipamento em 50%", if(E9="Líder 1", "Aumenta o número de companheiros em +1", if(E9="Líder 2", "Aumenta o número de companheiros em +2", if(E9="Líder 3", "Aumenta o número de companheiros em +3", if(E9="Velocista 1", "Reduz a duração da missão em 10%", if(E9="Velocista 2", "Reduz a duração da missão em 25%", if(E9="Velocista 3", "Reduz a duração da missão em 50%", )))))))))))))))))))))))))))))))))))))))))))))))))))))))))))))))))))))))))))) -> Revive um companheiro derrotado 5% das vezes | H9: TRUE | I9: Baú de Ouro
B10: Marca Divina | C10: Anel | D10: 34 | E10: Amazona 1 | F10: Épico | G10: =IF(or(E10="Bola de fogo", E10="Cortar", E10="Esmagar"), "Aumenta a força em 25%", if(E10="Pele de pedra", "Aumenta a força em 30%", if(E10="Berserker", "Aumenta a força em 35%", if(E10="Cone-gélido", "Aumenta a força em 40%", if(E10="Raio elétrico", "Aumenta a força em 50%", if(E10="Emboscada", "Aumenta a força 25% das vezes", if(E10="Defesa", "Aumenta a defesa do equipamento em 10%", if(E10="Passo das Sombras", "Evita ferimentos 15% das vezes", if(E10="Detectar segredo", "Aumenta o número máximo de artefatos e itens de raid encontrados por cada membro do grupo em +1", if(E10="Encontrar mágica", "Aumenta o número máximo de artefatos e itens de raid encontrados por cada membro do grupo em +2", if(E10="Aura de proteção", "Aumenta a taxa de sobrevivência do grupo em 8%", if(E10="Revide", "Aumenta a força do equipamento em 20%", if(E10="Mestre das armas", "Aumenta a força do equipamento em 75%", if(E10="Arquimago 1", "Aumenta a força dos feiticeiros do grupo em 10%", if(E10="Arquimago 2", "Aumenta a força dos feiticeiros do grupo em 20%", if(E10="Arquimago 3", "Aumenta a força dos feiticeiros do grupo em 30%", if(E10="Energético 1", "Reduz o tempo de espera depois da missão em 50%", if(E10="Energético 2", "Reduz o tempo de espera depois da missão em 75%", if(E10="Energético 3", "Reduz o tempo de espera depois da missão em 100%", if(E10="Cuidadoso 1", "Diminui a chance de quebra de equipamento em 15% das vezes", if(E10="Cuidadoso 2", "Diminui a chance de quebra de equipamento em 30% das vezes", if(E10="Cuidadoso 3", "Diminui a chance de quebra de equipamento em 50% das vezes", if(E10="Ganancioso 1", "Encontra mais 50% de ouro durante as missões", if(E10="Ganancioso 2", "Encontra mais 100% de ouro durante as missões", if(E10="Ganancioso 3", "Encontra mais 200% de ouro durante as missões", if(E10="Curandeiro 1", "Reduz o tempo de cura de companheiros em 10%", if(E10="Curandeiro 2", "Reduz o tempo de cura de companheiros em 25%", if(E10="Curandeiro 3", "Reduz o tempo de cura de companheiros em 50%", if(E10="Sortudo 1", "Evita ferimentos 10% das vezes", if(E10="Sortudo 2", "Evita ferimentos 20% das vezes", if(E10="Sortudo 3", "Evita ferimentos 30% das vezes", if(E10="Protetor 1", "Aumenta a taxa de sobrevivência do grupo em 2%", if(E10="Protetor 2", "Aumenta a taxa de sobrevivência do grupo em 5%", if(E10="Protetor 3", "Aumenta a taxa de sobrevivência do grupo em 10%", if(E10="Resistente 1", "Obtém pelo menos 25% de experiência quando ferido e a missão é bem sucedida", if(E10="Resistente 2", "Obtém pelo menos 50% de experiência quando ferido e a missão é bem sucedida", if(E10="Resistente 3", "Obtém pelo menos 100% de experiência quando ferido e a missão é bem sucedida", if(E10="Engenhoso 1", "Impede que 1 peça de equipamento se quebre durante a missão", if(E10="Engenhoso 2", "Impede que 2 peças de equipamento se quebre durante a missão", if(E10="Engenhoso 3", "Impede que 3 peças de equipamento se quebre durante a missão", if(E10="Reviver 1", "Revive um companheiro derrotado 5% das vezes", if(E10="Reviver 2", "Revive um companheiro derrotado 10% das vezes", if(E10="Reviver 3", "Revive um companheiro derrotado 15% das vezes", if(E10="Catador 1", "Aumenta o número mínimo de itens e artefatos encontrados em +1", if(E10="Catador 2", "Aumenta o número mínimo de itens e artefatos encontrados em +2", if(E10="Catador 3", "Aumenta o número mínimo de itens e artefatos encontrados em +3", if(E10="Fornecedor 1", "Reduz a chance de companheiros quebrarem o equipamento em 5%", if(E10="Fornecedor 2", "Reduz a chance de companheiros quebrarem o equipamento em 10%", if(E10="Fornecedor 3", "Reduz a chance de companheiros quebrarem o equipamento em 15%", if(E10="Suporte 1", "Impede que o equipamento de um companheiro se quebre 1 vez", if(E10="Suporte 2", "Impede que o equipamento de um companheiro se quebre 2 vezes", if(E10="Suporte 3", "Impede que o equipamento de um companheiro se quebre 3 vezes", if(E10="Caça-tesouros 1", "Aumenta o número máximo de artefatos e itens de raid encontrados em +2", if(E10="Caça-tesouros 2", "Aumenta o número máximo de artefatos e itens de raid encontrados em +4", if(E10="Caça-tesouros 3", "Aumenta o número máximo de artefatos e itens de raid encontrados em +6", if(E10="Sábio 1", "25% de bônus de experiência", if(E10="Sábio 2", "50% de bônus de experiência", if(E10="Sábio 3", "100% de bônus de experiência", if(E10="Amazona 1", "Aumenta a taxa de sobrevivência de membros femininos do grupo em 5%", if(E10="Amazona 2", "Aumenta a taxa de sobrevivência de membros femininos do grupo em 10%", if(E10="Amazona 3", "Aumenta a taxa de sobrevivência de membros femininos do grupo em 25%", if(E10="Companheiro de Guerra 1", "Aumenta a taxa de sobrevivência de membros masculinos do grupo em 5%", if(E10="Companheiro de Guerra 2", "Aumenta a taxa de sobrevivência de membros masculinos do grupo em 10%", if(E10="Companheiro de Guerra 3", "Aumenta a taxa de sobrevivência de membros masculinos do grupo em 25%", if(E10="Comandante 1", "Aumenta a força dos guerreiros do grupo em 15%", if(E10="Comandante 2", "Aumenta a força dos guerreiros do grupo em 25%", if(E10="Comandante 3", "Aumenta a força dos guerreiros do grupo em 50%", if(E10="Gangster 1", "Aumenta a força do equipamento em 10%", if(or(E10="Gangster 2", E10="Armadura do Mago"), "Aumenta a força do equipamento em 25%", if(E10="Gangster 3", "Aumenta a força do equipamento em 50%", if(E10="Líder 1", "Aumenta o número de companheiros em +1", if(E10="Líder 2", "Aumenta o número de companheiros em +2", if(E10="Líder 3", "Aumenta o número de companheiros em +3", if(E10="Velocista 1", "Reduz a duração da missão em 10%", if(E10="Velocista 2", "Reduz a duração da missão em 25%", if(E10="Velocista 3", "Reduz a duração da missão em 50%", )))))))))))))))))))))))))))))))))))))))))))))))))))))))))))))))))))))))))))) -> Aumenta a taxa de sobrevivência de membros femininos do grupo em 5% | H10: TRUE | I10: Baú de Ouro
B11: Alma de Anúbis | C11: Anel | D11: 35 | E11: Caça-tesouros 2 | F11: Lendário | G11: =IF(or(E11="Bola de fogo", E11="Cortar", E11="Esmagar"), "Aumenta a força em 25%", if(E11="Pele de pedra", "Aumenta a força em 30%", if(E11="Berserker", "Aumenta a força em 35%", if(E11="Cone-gélido", "Aumenta a força em 40%", if(E11="Raio elétrico", "Aumenta a força em 50%", if(E11="Emboscada", "Aumenta a força 25% das vezes", if(E11="Defesa", "Aumenta a defesa do equipamento em 10%", if(E11="Passo das Sombras", "Evita ferimentos 15% das vezes", if(E11="Detectar segredo", "Aumenta o número máximo de artefatos e itens de raid encontrados por cada membro do grupo em +1", if(E11="Encontrar mágica", "Aumenta o número máximo de artefatos e itens de raid encontrados por cada membro do grupo em +2", if(E11="Aura de proteção", "Aumenta a taxa de sobrevivência do grupo em 8%", if(E11="Revide", "Aumenta a força do equipamento em 20%", if(E11="Mestre das armas", "Aumenta a força do equipamento em 75%", if(E11="Arquimago 1", "Aumenta a força dos feiticeiros do grupo em 10%", if(E11="Arquimago 2", "Aumenta a força dos feiticeiros do grupo em 20%", if(E11="Arquimago 3", "Aumenta a força dos feiticeiros do grupo em 30%", if(E11="Energético 1", "Reduz o tempo de espera depois da missão em 50%", if(E11="Energético 2", "Reduz o tempo de espera depois da missão em 75%", if(E11="Energético 3", "Reduz o tempo de espera depois da missão em 100%", if(E11="Cuidadoso 1", "Diminui a chance de quebra de equipamento em 15% das vezes", if(E11="Cuidadoso 2", "Diminui a chance de quebra de equipamento em 30% das vezes", if(E11="Cuidadoso 3", "Diminui a chance de quebra de equipamento em 50% das vezes", if(E11="Ganancioso 1", "Encontra mais 50% de ouro durante as missões", if(E11="Ganancioso 2", "Encontra mais 100% de ouro durante as missões", if(E11="Ganancioso 3", "Encontra mais 200% de ouro durante as missões", if(E11="Curandeiro 1", "Reduz o tempo de cura de companheiros em 10%", if(E11="Curandeiro 2", "Reduz o tempo de cura de companheiros em 25%", if(E11="Curandeiro 3", "Reduz o tempo de cura de companheiros em 50%", if(E11="Sortudo 1", "Evita ferimentos 10% das vezes", if(E11="Sortudo 2", "Evita ferimentos 20% das vezes", if(E11="Sortudo 3", "Evita ferimentos 30% das vezes", if(E11="Protetor 1", "Aumenta a taxa de sobrevivência do grupo em 2%", if(E11="Protetor 2", "Aumenta a taxa de sobrevivência do grupo em 5%", if(E11="Protetor 3", "Aumenta a taxa de sobrevivência do grupo em 10%", if(E11="Resistente 1", "Obtém pelo menos 25% de experiência quando ferido e a missão é bem sucedida", if(E11="Resistente 2", "Obtém pelo menos 50% de experiência quando ferido e a missão é bem sucedida", if(E11="Resistente 3", "Obtém pelo menos 100% de experiência quando ferido e a missão é bem sucedida", if(E11="Engenhoso 1", "Impede que 1 peça de equipamento se quebre durante a missão", if(E11="Engenhoso 2", "Impede que 2 peças de equipamento se quebre durante a missão", if(E11="Engenhoso 3", "Impede que 3 peças de equipamento se quebre durante a missão", if(E11="Reviver 1", "Revive um companheiro derrotado 5% das vezes", if(E11="Reviver 2", "Revive um companheiro derrotado 10% das vezes", if(E11="Reviver 3", "Revive um companheiro derrotado 15% das vezes", if(E11="Catador 1", "Aumenta o número mínimo de itens e artefatos encontrados em +1", if(E11="Catador 2", "Aumenta o número mínimo de itens e artefatos encontrados em +2", if(E11="Catador 3", "Aumenta o número mínimo de itens e artefatos encontrados em +3", if(E11="Fornecedor 1", "Reduz a chance de companheiros quebrarem o equipamento em 5%", if(E11="Fornecedor 2", "Reduz a chance de companheiros quebrarem o equipamento em 10%", if(E11="Fornecedor 3", "Reduz a chance de companheiros quebrarem o equipamento em 15%", if(E11="Suporte 1", "Impede que o equipamento de um companheiro se quebre 1 vez", if(E11="Suporte 2", "Impede que o equipamento de um companheiro se quebre 2 vezes", if(E11="Suporte 3", "Impede que o equipamento de um companheiro se quebre 3 vezes", if(E11="Caça-tesouros 1", "Aumenta o número máximo de artefatos e itens de raid encontrados em +2", if(E11="Caça-tesouros 2", "Aumenta o número máximo de artefatos e itens de raid encontrados em +4", if(E11="Caça-tesouros 3", "Aumenta o número máximo de artefatos e itens de raid encontrados em +6", if(E11="Sábio 1", "25% de bônus de experiência", if(E11="Sábio 2", "50% de bônus de experiência", if(E11="Sábio 3", "100% de bônus de experiência", if(E11="Amazona 1", "Aumenta a taxa de sobrevivência de membros femininos do grupo em 5%", if(E11="Amazona 2", "Aumenta a taxa de sobrevivência de membros femininos do grupo em 10%", if(E11="Amazona 3", "Aumenta a taxa de sobrevivência de membros femininos do grupo em 25%", if(E11="Companheiro de Guerra 1", "Aumenta a taxa de sobrevivência de membros masculinos do grupo em 5%", if(E11="Companheiro de Guerra 2", "Aumenta a taxa de sobrevivência de membros masculinos do grupo em 10%", if(E11="Companheiro de Guerra 3", "Aumenta a taxa de sobrevivência de membros masculinos do grupo em 25%", if(E11="Comandante 1", "Aumenta a força dos guerreiros do grupo em 15%", if(E11="Comandante 2", "Aumenta a força dos guerreiros do grupo em 25%", if(E11="Comandante 3", "Aumenta a força dos guerreiros do grupo em 50%", if(E11="Gangster 1", "Aumenta a força do equipamento em 10%", if(or(E11="Gangster 2", E11="Armadura do Mago"), "Aumenta a força do equipamento em 25%", if(E11="Gangster 3", "Aumenta a força do equipamento em 50%", if(E11="Líder 1", "Aumenta o número de companheiros em +1", if(E11="Líder 2", "Aumenta o número de companheiros em +2", if(E11="Líder 3", "Aumenta o número de companheiros em +3", if(E11="Velocista 1", "Reduz a duração da missão em 10%", if(E11="Velocista 2", "Reduz a duração da missão em 25%", if(E11="Velocista 3", "Reduz a duração da missão em 50%", )))))))))))))))))))))))))))))))))))))))))))))))))))))))))))))))))))))))))))) -> Aumenta o número máximo de artefatos e itens de raid encontrados em +4 | H11: FALSE | I11: Ghastly Gear Pack
B12: Anel real | C12: Anel | D12: 36 | E12: Líder 1 | F12: Lendário | G12: =IF(or(E12="Bola de fogo", E12="Cortar", E12="Esmagar"), "Aumenta a força em 25%", if(E12="Pele de pedra", "Aumenta a força em 30%", if(E12="Berserker", "Aumenta a força em 35%", if(E12="Cone-gélido", "Aumenta a força em 40%", if(E12="Raio elétrico", "Aumenta a força em 50%", if(E12="Emboscada", "Aumenta a força 25% das vezes", if(E12="Defesa", "Aumenta a defesa do equipamento em 10%", if(E12="Passo das Sombras", "Evita ferimentos 15% das vezes", if(E12="Detectar segredo", "Aumenta o número máximo de artefatos e itens de raid encontrados por cada membro do grupo em +1", if(E12="Encontrar mágica", "Aumenta o número máximo de artefatos e itens de raid encontrados por cada membro do grupo em +2", if(E12="Aura de proteção", "Aumenta a taxa de sobrevivência do grupo em 8%", if(E12="Revide", "Aumenta a força do equipamento em 20%", if(E12="Mestre das armas", "Aumenta a força do equipamento em 75%", if(E12="Arquimago 1", "Aumenta a força dos feiticeiros do grupo em 10%", if(E12="Arquimago 2", "Aumenta a força dos feiticeiros do grupo em 20%", if(E12="Arquimago 3", "Aumenta a força dos feiticeiros do grupo em 30%", if(E12="Energético 1", "Reduz o tempo de espera depois da missão em 50%", if(E12="Energético 2", "Reduz o tempo de espera depois da missão em 75%", if(E12="Energético 3", "Reduz o tempo de espera depois da missão em 100%", if(E12="Cuidadoso 1", "Diminui a chance de quebra de equipamento em 15% das vezes", if(E12="Cuidadoso 2", "Diminui a chance de quebra de equipamento em 30% das vezes", if(E12="Cuidadoso 3", "Diminui a chance de quebra de equipamento em 50% das vezes", if(E12="Ganancioso 1", "Encontra mais 50% de ouro durante as missões", if(E12="Ganancioso 2", "Encontra mais 100% de ouro durante as missões", if(E12="Ganancioso 3", "Encontra mais 200% de ouro durante as missões", if(E12="Curandeiro 1", "Reduz o tempo de cura de companheiros em 10%", if(E12="Curandeiro 2", "Reduz o tempo de cura de companheiros em 25%", if(E12="Curandeiro 3", "Reduz o tempo de cura de companheiros em 50%", if(E12="Sortudo 1", "Evita ferimentos 10% das vezes", if(E12="Sortudo 2", "Evita ferimentos 20% das vezes", if(E12="Sortudo 3", "Evita ferimentos 30% das vezes", if(E12="Protetor 1", "Aumenta a taxa de sobrevivência do grupo em 2%", if(E12="Protetor 2", "Aumenta a taxa de sobrevivência do grupo em 5%", if(E12="Protetor 3", "Aumenta a taxa de sobrevivência do grupo em 10%", if(E12="Resistente 1", "Obtém pelo menos 25% de experiência quando ferido e a missão é bem sucedida", if(E12="Resistente 2", "Obtém pelo menos 50% de experiência quando ferido e a missão é bem sucedida", if(E12="Resistente 3", "Obtém pelo menos 100% de experiência quando ferido e a missão é bem sucedida", if(E12="Engenhoso 1", "Impede que 1 peça de equipamento se quebre durante a missão", if(E12="Engenhoso 2", "Impede que 2 peças de equipamento se quebre durante a missão", if(E12="Engenhoso 3", "Impede que 3 peças de equipamento se quebre durante a missão", if(E12="Reviver 1", "Revive um companheiro derrotado 5% das vezes", if(E12="Reviver 2", "Revive um companheiro derrotado 10% das vezes", if(E12="Reviver 3", "Revive um companheiro derrotado 15% das vezes", if(E12="Catador 1", "Aumenta o número mínimo de itens e artefatos encontrados em +1", if(E12="Catador 2", "Aumenta o número mínimo de itens e artefatos encontrados em +2", if(E12="Catador 3", "Aumenta o número mínimo de itens e artefatos encontrados em +3", if(E12="Fornecedor 1", "Reduz a chance de companheiros quebrarem o equipamento em 5%", if(E12="Fornecedor 2", "Reduz a chance de companheiros quebrarem o equipamento em 10%", if(E12="Fornecedor 3", "Reduz a chance de companheiros quebrarem o equipamento em 15%", if(E12="Suporte 1", "Impede que o equipamento de um companheiro se quebre 1 vez", if(E12="Suporte 2", "Impede que o equipamento de um companheiro se quebre 2 vezes", if(E12="Suporte 3", "Impede que o equipamento de um companheiro se quebre 3 vezes", if(E12="Caça-tesouros 1", "Aumenta o número máximo de artefatos e itens de raid encontrados em +2", if(E12="Caça-tesouros 2", "Aumenta o número máximo de artefatos e itens de raid encontrados em +4", if(E12="Caça-tesouros 3", "Aumenta o número máximo de artefatos e itens de raid encontrados em +6", if(E12="Sábio 1", "25% de bônus de experiência", if(E12="Sábio 2", "50% de bônus de experiência", if(E12="Sábio 3", "100% de bônus de experiência", if(E12="Amazona 1", "Aumenta a taxa de sobrevivência de membros femininos do grupo em 5%", if(E12="Amazona 2", "Aumenta a taxa de sobrevivência de membros femininos do grupo em 10%", if(E12="Amazona 3", "Aumenta a taxa de sobrevivência de membros femininos do grupo em 25%", if(E12="Companheiro de Guerra 1", "Aumenta a taxa de sobrevivência de membros masculinos do grupo em 5%", if(E12="Companheiro de Guerra 2", "Aumenta a taxa de sobrevivência de membros masculinos do grupo em 10%", if(E12="Companheiro de Guerra 3", "Aumenta a taxa de sobrevivência de membros masculinos do grupo em 25%", if(E12="Comandante 1", "Aumenta a força dos guerreiros do grupo em 15%", if(E12="Comandante 2", "Aumenta a força dos guerreiros do grupo em 25%", if(E12="Comandante 3", "Aumenta a força dos guerreiros do grupo em 50%", if(E12="Gangster 1", "Aumenta a força do equipamento em 10%", if(or(E12="Gangster 2", E12="Armadura do Mago"), "Aumenta a força do equipamento em 25%", if(E12="Gangster 3", "Aumenta a força do equipamento em 50%", if(E12="Líder 1", "Aumenta o número de companheiros em +1", if(E12="Líder 2", "Aumenta o número de companheiros em +2", if(E12="Líder 3", "Aumenta o número de companheiros em +3", if(E12="Velocista 1", "Reduz a duração da missão em 10%", if(E12="Velocista 2", "Reduz a duração da missão em 25%", if(E12="Velocista 3", "Reduz a duração da missão em 50%", )))))))))))))))))))))))))))))))))))))))))))))))))))))))))))))))))))))))))))) -> Aumenta o número de companheiros em +1 | H12: TRUE | I12: Baú Mágico
B13: Oráculo | C13: Anel | D13: 39 | E13: Reviver 1 | F13: Lendário | G13: =IF(or(E13="Bola de fogo", E13="Cortar", E13="Esmagar"), "Aumenta a força em 25%", if(E13="Pele de pedra", "Aumenta a força em 30%", if(E13="Berserker", "Aumenta a força em 35%", if(E13="Cone-gélido", "Aumenta a força em 40%", if(E13="Raio elétrico", "Aumenta a força em 50%", if(E13="Emboscada", "Aumenta a força 25% das vezes", if(E13="Defesa", "Aumenta a defesa do equipamento em 10%", if(E13="Passo das Sombras", "Evita ferimentos 15% das vezes", if(E13="Detectar segredo", "Aumenta o número máximo de artefatos e itens de raid encontrados por cada membro do grupo em +1", if(E13="Encontrar mágica", "Aumenta o número máximo de artefatos e itens de raid encontrados por cada membro do grupo em +2", if(E13="Aura de proteção", "Aumenta a taxa de sobrevivência do grupo em 8%", if(E13="Revide", "Aumenta a força do equipamento em 20%", if(E13="Mestre das armas", "Aumenta a força do equipamento em 75%", if(E13="Arquimago 1", "Aumenta a força dos feiticeiros do grupo em 10%", if(E13="Arquimago 2", "Aumenta a força dos feiticeiros do grupo em 20%", if(E13="Arquimago 3", "Aumenta a força dos feiticeiros do grupo em 30%", if(E13="Energético 1", "Reduz o tempo de espera depois da missão em 50%", if(E13="Energético 2", "Reduz o tempo de espera depois da missão em 75%", if(E13="Energético 3", "Reduz o tempo de espera depois da missão em 100%", if(E13="Cuidadoso 1", "Diminui a chance de quebra de equipamento em 15% das vezes", if(E13="Cuidadoso 2", "Diminui a chance de quebra de equipamento em 30% das vezes", if(E13="Cuidadoso 3", "Diminui a chance de quebra de equipamento em 50% das vezes", if(E13="Ganancioso 1", "Encontra mais 50% de ouro durante as missões", if(E13="Ganancioso 2", "Encontra mais 100% de ouro durante as missões", if(E13="Ganancioso 3", "Encontra mais 200% de ouro durante as missões", if(E13="Curandeiro 1", "Reduz o tempo de cura de companheiros em 10%", if(E13="Curandeiro 2", "Reduz o tempo de cura de companheiros em 25%", if(E13="Curandeiro 3", "Reduz o tempo de cura de companheiros em 50%", if(E13="Sortudo 1", "Evita ferimentos 10% das vezes", if(E13="Sortudo 2", "Evita ferimentos 20% das vezes", if(E13="Sortudo 3", "Evita ferimentos 30% das vezes", if(E13="Protetor 1", "Aumenta a taxa de sobrevivência do grupo em 2%", if(E13="Protetor 2", "Aumenta a taxa de sobrevivência do grupo em 5%", if(E13="Protetor 3", "Aumenta a taxa de sobrevivência do grupo em 10%", if(E13="Resistente 1", "Obtém pelo menos 25% de experiência quando ferido e a missão é bem sucedida", if(E13="Resistente 2", "Obtém pelo menos 50% de experiência quando ferido e a missão é bem sucedida", if(E13="Resistente 3", "Obtém pelo menos 100% de experiência quando ferido e a missão é bem sucedida", if(E13="Engenhoso 1", "Impede que 1 peça de equipamento se quebre durante a missão", if(E13="Engenhoso 2", "Impede que 2 peças de equipamento se quebre durante a missão", if(E13="Engenhoso 3", "Impede que 3 peças de equipamento se quebre durante a missão", if(E13="Reviver 1", "Revive um companheiro derrotado 5% das vezes", if(E13="Reviver 2", "Revive um companheiro derrotado 10% das vezes", if(E13="Reviver 3", "Revive um companheiro derrotado 15% das vezes", if(E13="Catador 1", "Aumenta o número mínimo de itens e artefatos encontrados em +1", if(E13="Catador 2", "Aumenta o número mínimo de itens e artefatos encontrados em +2", if(E13="Catador 3", "Aumenta o número mínimo de itens e artefatos encontrados em +3", if(E13="Fornecedor 1", "Reduz a chance de companheiros quebrarem o equipamento em 5%", if(E13="Fornecedor 2", "Reduz a chance de companheiros quebrarem o equipamento em 10%", if(E13="Fornecedor 3", "Reduz a chance de companheiros quebrarem o equipamento em 15%", if(E13="Suporte 1", "Impede que o equipamento de um companheiro se quebre 1 vez", if(E13="Suporte 2", "Impede que o equipamento de um companheiro se quebre 2 vezes", if(E13="Suporte 3", "Impede que o equipamento de um companheiro se quebre 3 vezes", if(E13="Caça-tesouros 1", "Aumenta o número máximo de artefatos e itens de raid encontrados em +2", if(E13="Caça-tesouros 2", "Aumenta o número máximo de artefatos e itens de raid encontrados em +4", if(E13="Caça-tesouros 3", "Aumenta o número máximo de artefatos e itens de raid encontrados em +6", if(E13="Sábio 1", "25% de bônus de experiência", if(E13="Sábio 2", "50% de bônus de experiência", if(E13="Sábio 3", "100% de bônus de experiência", if(E13="Amazona 1", "Aumenta a taxa de sobrevivência de membros femininos do grupo em 5%", if(E13="Amazona 2", "Aumenta a taxa de sobrevivência de membros femininos do grupo em 10%", if(E13="Amazona 3", "Aumenta a taxa de sobrevivência de membros femininos do grupo em 25%", if(E13="Companheiro de Guerra 1", "Aumenta a taxa de sobrevivência de membros masculinos do grupo em 5%", if(E13="Companheiro de Guerra 2", "Aumenta a taxa de sobrevivência de membros masculinos do grupo em 10%", if(E13="Companheiro de Guerra 3", "Aumenta a taxa de sobrevivência de membros masculinos do grupo em 25%", if(E13="Comandante 1", "Aumenta a força dos guerreiros do grupo em 15%", if(E13="Comandante 2", "Aumenta a força dos guerreiros do grupo em 25%", if(E13="Comandante 3", "Aumenta a força dos guerreiros do grupo em 50%", if(E13="Gangster 1", "Aumenta a força do equipamento em 10%", if(or(E13="Gangster 2", E13="Armadura do Mago"), "Aumenta a força do equipamento em 25%", if(E13="Gangster 3", "Aumenta a força do equipamento em 50%", if(E13="Líder 1", "Aumenta o número de companheiros em +1", if(E13="Líder 2", "Aumenta o número de companheiros em +2", if(E13="Líder 3", "Aumenta o número de companheiros em +3", if(E13="Velocista 1", "Reduz a duração da missão em 10%", if(E13="Velocista 2", "Reduz a duração da missão em 25%", if(E13="Velocista 3", "Reduz a duração da missão em 50%", )))))))))))))))))))))))))))))))))))))))))))))))))))))))))))))))))))))))))))) -> Revive um companheiro derrotado 5% das vezes | H13: TRUE | I13: Baú Mágico
B14: Anel Místico | C14: Anel | D14: 40 | E14: Curandeiro 2 | F14: Lendário | G14: =IF(or(E14="Bola de fogo", E14="Cortar", E14="Esmagar"), "Aumenta a força em 25%", if(E14="Pele de pedra", "Aumenta a força em 30%", if(E14="Berserker", "Aumenta a força em 35%", if(E14="Cone-gélido", "Aumenta a força em 40%", if(E14="Raio elétrico", "Aumenta a força em 50%", if(E14="Emboscada", "Aumenta a força 25% das vezes", if(E14="Defesa", "Aumenta a defesa do equipamento em 10%", if(E14="Passo das Sombras", "Evita ferimentos 15% das vezes", if(E14="Detectar segredo", "Aumenta o número máximo de artefatos e itens de raid encontrados por cada membro do grupo em +1", if(E14="Encontrar mágica", "Aumenta o número máximo de artefatos e itens de raid encontrados por cada membro do grupo em +2", if(E14="Aura de proteção", "Aumenta a taxa de sobrevivência do grupo em 8%", if(E14="Revide", "Aumenta a força do equipamento em 20%", if(E14="Mestre das armas", "Aumenta a força do equipamento em 75%", if(E14="Arquimago 1", "Aumenta a força dos feiticeiros do grupo em 10%", if(E14="Arquimago 2", "Aumenta a força dos feiticeiros do grupo em 20%", if(E14="Arquimago 3", "Aumenta a força dos feiticeiros do grupo em 30%", if(E14="Energético 1", "Reduz o tempo de espera depois da missão em 50%", if(E14="Energético 2", "Reduz o tempo de espera depois da missão em 75%", if(E14="Energético 3", "Reduz o tempo de espera depois da missão em 100%", if(E14="Cuidadoso 1", "Diminui a chance de quebra de equipamento em 15% das vezes", if(E14="Cuidadoso 2", "Diminui a chance de quebra de equipamento em 30% das vezes", if(E14="Cuidadoso 3", "Diminui a chance de quebra de equipamento em 50% das vezes", if(E14="Ganancioso 1", "Encontra mais 50% de ouro durante as missões", if(E14="Ganancioso 2", "Encontra mais 100% de ouro durante as missões", if(E14="Ganancioso 3", "Encontra mais 200% de ouro durante as missões", if(E14="Curandeiro 1", "Reduz o tempo de cura de companheiros em 10%", if(E14="Curandeiro 2", "Reduz o tempo de cura de companheiros em 25%", if(E14="Curandeiro 3", "Reduz o tempo de cura de companheiros em 50%", if(E14="Sortudo 1", "Evita ferimentos 10% das vezes", if(E14="Sortudo 2", "Evita ferimentos 20% das vezes", if(E14="Sortudo 3", "Evita ferimentos 30% das vezes", if(E14="Protetor 1", "Aumenta a taxa de sobrevivência do grupo em 2%", if(E14="Protetor 2", "Aumenta a taxa de sobrevivência do grupo em 5%", if(E14="Protetor 3", "Aumenta a taxa de sobrevivência do grupo em 10%", if(E14="Resistente 1", "Obtém pelo menos 25% de experiência quando ferido e a missão é bem sucedida", if(E14="Resistente 2", "Obtém pelo menos 50% de experiência quando ferido e a missão é bem sucedida", if(E14="Resistente 3", "Obtém pelo menos 100% de experiência quando ferido e a missão é bem sucedida", if(E14="Engenhoso 1", "Impede que 1 peça de equipamento se quebre durante a missão", if(E14="Engenhoso 2", "Impede que 2 peças de equipamento se quebre durante a missão", if(E14="Engenhoso 3", "Impede que 3 peças de equipamento se quebre durante a missão", if(E14="Reviver 1", "Revive um companheiro derrotado 5% das vezes", if(E14="Reviver 2", "Revive um companheiro derrotado 10% das vezes", if(E14="Reviver 3", "Revive um companheiro derrotado 15% das vezes", if(E14="Catador 1", "Aumenta o número mínimo de itens e artefatos encontrados em +1", if(E14="Catador 2", "Aumenta o número mínimo de itens e artefatos encontrados em +2", if(E14="Catador 3", "Aumenta o número mínimo de itens e artefatos encontrados em +3", if(E14="Fornecedor 1", "Reduz a chance de companheiros quebrarem o equipamento em 5%", if(E14="Fornecedor 2", "Reduz a chance de companheiros quebrarem o equipamento em 10%", if(E14="Fornecedor 3", "Reduz a chance de companheiros quebrarem o equipamento em 15%", if(E14="Suporte 1", "Impede que o equipamento de um companheiro se quebre 1 vez", if(E14="Suporte 2", "Impede que o equipamento de um companheiro se quebre 2 vezes", if(E14="Suporte 3", "Impede que o equipamento de um companheiro se quebre 3 vezes", if(E14="Caça-tesouros 1", "Aumenta o número máximo de artefatos e itens de raid encontrados em +2", if(E14="Caça-tesouros 2", "Aumenta o número máximo de artefatos e itens de raid encontrados em +4", if(E14="Caça-tesouros 3", "Aumenta o número máximo de artefatos e itens de raid encontrados em +6", if(E14="Sábio 1", "25% de bônus de experiência", if(E14="Sábio 2", "50% de bônus de experiência", if(E14="Sábio 3", "100% de bônus de experiência", if(E14="Amazona 1", "Aumenta a taxa de sobrevivência de membros femininos do grupo em 5%", if(E14="Amazona 2", "Aumenta a taxa de sobrevivência de membros femininos do grupo em 10%", if(E14="Amazona 3", "Aumenta a taxa de sobrevivência de membros femininos do grupo em 25%", if(E14="Companheiro de Guerra 1", "Aumenta a taxa de sobrevivência de membros masculinos do grupo em 5%", if(E14="Companheiro de Guerra 2", "Aumenta a taxa de sobrevivência de membros masculinos do grupo em 10%", if(E14="Companheiro de Guerra 3", "Aumenta a taxa de sobrevivência de membros masculinos do grupo em 25%", if(E14="Comandante 1", "Aumenta a força dos guerreiros do grupo em 15%", if(E14="Comandante 2", "Aumenta a força dos guerreiros do grupo em 25%", if(E14="Comandante 3", "Aumenta a força dos guerreiros do grupo em 50%", if(E14="Gangster 1", "Aumenta a força do equipamento em 10%", if(or(E14="Gangster 2", E14="Armadura do Mago"), "Aumenta a força do equipamento em 25%", if(E14="Gangster 3", "Aumenta a força do equipamento em 50%", if(E14="Líder 1", "Aumenta o número de companheiros em +1", if(E14="Líder 2", "Aumenta o número de companheiros em +2", if(E14="Líder 3", "Aumenta o número de companheiros em +3", if(E14="Velocista 1", "Reduz a duração da missão em 10%", if(E14="Velocista 2", "Reduz a duração da missão em 25%", if(E14="Velocista 3", "Reduz a duração da missão em 50%", )))))))))))))))))))))))))))))))))))))))))))))))))))))))))))))))))))))))))))) -> Reduz o tempo de cura de companheiros em 25% | H14: TRUE | I14: Heroic Pack #2
... B465: Invincible Scales | C465: Veste | D465: 56 | E465: Energético 3 | F465: Mítico | G465: =IF(or(E465="Bola de fogo", E465="Cortar", E465="Esmagar"), "Aumenta a força em 25%", if(E465="Pele de pedra", "Aumenta a força em 30%", if(E465="Berserker", "Aumenta a força em 35%", if(E465="Cone-gélido", "Aumenta a força em 40%", if(E465="Raio elétrico", "Aumenta a força em 50%", if(E465="Emboscada", "Aumenta a força 25% das vezes", if(E465="Defesa", "Aumenta a defesa do equipamento em 10%", if(E465="Passo das Sombras", "Evita ferimentos 15% das vezes", if(E465="Detectar segredo", "Aumenta o número máximo de artefatos e itens de raid encontrados por cada membro do grupo em +1", if(E465="Encontrar mágica", "Aumenta o número máximo de artefatos e itens de raid encontrados por cada membro do grupo em +2", if(E465="Aura de proteção", "Aumenta a taxa de sobrevivência do grupo em 8%", if(E465="Revide", "Aumenta a força do equipamento em 20%", if(E465="Mestre das armas", "Aumenta a força do equipamento em 75%", if(E465="Arquimago 1", "Aumenta a força dos feiticeiros do grupo em 10%", if(E465="Arquimago 2", "Aumenta a força dos feiticeiros do grupo em 20%", if(E465="Arquimago 3", "Aumenta a força dos feiticeiros do grupo em 30%", if(E465="Energético 1", "Reduz o tempo de espera depois da missão em 50%", if(E465="Energético 2", "Reduz o tempo de espera depois da missão em 75%", if(E465="Energético 3", "Reduz o tempo de espera depois da missão em 100%", if(E465="Cuidadoso 1", "Diminui a chance de quebra de equipamento em 15% das vezes", if(E465="Cuidadoso 2", "Diminui a chance de quebra de equipamento em 30% das vezes", if(E465="Cuidadoso 3", "Diminui a chance de quebra de equipamento em 50% das vezes", if(E465="Ganancioso 1", "Encontra mais 50% de ouro durante as missões", if(E465="Ganancioso 2", "Encontra mais 100% de ouro durante as missões", if(E465="Ganancioso 3", "Encontra mais 200% de ouro durante as missões", if(E465="Curandeiro 1", "Reduz o tempo de cura de companheiros em 10%", if(E465="Curandeiro 2", "Reduz o tempo de cura de companheiros em 25%", if(E465="Curandeiro 3", "Reduz o tempo de cura de companheiros em 50%", if(E465="Sortudo 1", "Evita ferimentos 10% das vezes", if(E465="Sortudo 2", "Evita ferimentos 20% das vezes", if(E465="Sortudo 3", "Evita ferimentos 30% das vezes", if(E465="Protetor 1", "Aumenta a taxa de sobrevivência do grupo em 2%", if(E465="Protetor 2", "Aumenta a taxa de sobrevivência do grupo em 5%", if(E465="Protetor 3", "Aumenta a taxa de sobrevivência do grupo em 10%", if(E465="Resistente 1", "Obtém pelo menos 25% de experiência quando ferido e a missão é bem sucedida", if(E465="Resistente 2", "Obtém pelo menos 50% de experiência quando ferido e a missão é bem sucedida", if(E465="Resistente 3", "Obtém pelo menos 100% de experiência quando ferido e a missão é bem sucedida", if(E465="Engenhoso 1", "Impede que 1 peça de equipamento se quebre durante a missão", if(E465="Engenhoso 2", "Impede que 2 peças de equipamento se quebre durante a missão", if(E465="Engenhoso 3", "Impede que 3 peças de equipamento se quebre durante a missão", if(E465="Reviver 1", "Revive um companheiro derrotado 5% das vezes", if(E465="Reviver 2", "Revive um companheiro derrotado 10% das vezes", if(E465="Reviver 3", "Revive um companheiro derrotado 15% das vezes", if(E465="Catador 1", "Aumenta o número mínimo de itens e artefatos encontrados em +1", if(E465="Catador 2", "Aumenta o número mínimo de itens e artefatos encontrados em +2", if(E465="Catador 3", "Aumenta o número mínimo de itens e artefatos encontrados em +3", if(E465="Fornecedor 1", "Reduz a chance de companheiros quebrarem o equipamento em 5%", if(E465="Fornecedor 2", "Reduz a chance de companheiros quebrarem o equipamento em 10%", if(E465="Fornecedor 3", "Reduz a chance de companheiros quebrarem o equipamento em 15%", if(E465="Suporte 1", "Impede que o equipamento de um companheiro se quebre 1 vez", if(E465="Suporte 2", "Impede que o equipamento de um companheiro se quebre 2 vezes", if(E465="Suporte 3", "Impede que o equipamento de um companheiro se quebre 3 vezes", if(E465="Caça-tesouros 1", "Aumenta o número máximo de artefatos e itens de raid encontrados em +2", if(E465="Caça-tesouros 2", "Aumenta o número máximo de artefatos e itens de raid encontrados em +4", if(E465="Caça-tesouros 3", "Aumenta o número máximo de artefatos e itens de raid encontrados em +6", if(E465="Sábio 1", "25% de bônus de experiência", if(E465="Sábio 2", "50% de bônus de experiência", if(E465="Sábio 3", "100% de bônus de experiência", if(E465="Amazona 1", "Aumenta a taxa de sobrevivência de membros femininos do grupo em 5%", if(E465="Amazona 2", "Aumenta a taxa de sobrevivência de membros femininos do grupo em 10%", if(E465="Amazona 3", "Aumenta a taxa de sobrevivência de membros femininos do grupo em 25%", if(E465="Companheiro de Guerra 1", "Aumenta a taxa de sobrevivência de membros masculinos do grupo em 5%", if(E465="Companheiro de Guerra 2", "Aumenta a taxa de sobrevivência de membros masculinos do grupo em 10%", if(E465="Companheiro de Guerra 3", "Aumenta a taxa de sobrevivência de membros masculinos do grupo em 25%", if(E465="Comandante 1", "Aumenta a força dos guerreiros do grupo em 15%", if(E465="Comandante 2", "Aumenta a força dos guerreiros do grupo em 25%", if(E465="Comandante 3", "Aumenta a força dos guerreiros do grupo em 50%", if(E465="Gangster 1", "Aumenta a força do equipamento em 10%", if(or(E465="Gangster 2", E465="Armadura do Mago"), "Aumenta a força do equipamento em 25%", if(E465="Gangster 3", "Aumenta a força do equipamento em 50%", if(E465="Líder 1", "Aumenta o número de companheiros em +1", if(E465="Líder 2", "Aumenta o número de companheiros em +2", if(E465="Líder 3", "Aumenta o número de companheiros em +3", if(E465="Velocista 1", "Reduz a duração da missão em 10%", if(E465="Velocista 2", "Reduz a duração da missão em 25%", if(E465="Velocista 3", "Reduz a duração da missão em 50%", )))))))))))))))))))))))))))))))))))))))))))))))))))))))))))))))))))))))))))) -> Reduz o tempo de espera depois da missão em 100% | H465: TRUE | I465: Flaming Rain Pack
G466: =IF(or(E466="Bola de fogo", E466="Cortar", E466="Esmagar"), "Aumenta a força em 25%", if(E466="Pele de pedra", "Aumenta a força em 30%", if(E466="Berserker", "Aumenta a força em 35%", if(E466="Cone-gélido", "Aumenta a força em 40%", if(E466="Raio elétrico", "Aumenta a força em 50%", if(E466="Emboscada", "Aumenta a força 25% das vezes", if(E466="Defesa", "Aumenta a defesa do equipamento em 10%", if(E466="Passo das Sombras", "Evita ferimentos 15% das vezes", if(E466="Detectar segredo", "Aumenta o número máximo de artefatos e itens de ataque encontrados por cada membro do grupo em +1", if(E466="Encontrar mágica", "Aumenta o número máximo de artefatos e itens de ataque encontrados por cada membro do grupo em +2", if(E466="Aura de proteção", "Aumenta a taxa de sobrevivência do grupo em 8%", if(E466="Revide", "Aumenta a força do equipamento em 20%", if(E466="Mestre das armas", "Aumenta a força do equipamento em 75%", if(E466="Arquimago 1", "Aumenta a força dos feiticeiros do grupo em 10%", if(E466="Arquimago 2", "Aumenta a força dos feiticeiros do grupo em 20%", if(E466="Arquimago 3", "Aumenta a força dos feiticeiros do grupo em 30%", if(E466="Energético 1", "Reduz o tempo de espera depois da missão em 50%", if(E466="Energético 2", "Reduz o tempo de espera depois da missão em 75%", if(E466="Energético 3", "Reduz o tempo de espera depois da missão em 100%", if(E466="Cuidadoso 1", "Diminui a chance de quebra de equipamento em 15% das vezes", if(E466="Cuidadoso 2", "Diminui a chance de quebra de equipamento em 30% das vezes", if(E466="Cuidadoso 3", "Diminui a chance de quebra de equipamento em 50% das vezes", if(E466="Ganancioso 1", "Encontra mais 50% de ouro durante as missões", if(E466="Ganancioso 2", "Encontra mais 100% de ouro durante as missões", if(E466="Ganancioso 3", "Encontra mais 200% de ouro durante as missões", if(E466="Curandeiro 1", "Reduz o tempo de cura de companheiros em 10%", if(E466="Curandeiro 2", "Reduz o tempo de cura de companheiros em 25%", if(E466="Curandeiro 3", "Reduz o tempo de cura de companheiros em 50%", if(E466="Sortudo 1", "Evita ferimentos 10% das vezes", if(E466="Sortudo 2", "Evita ferimentos 20% das vezes", if(E466="Sortudo 3", "Evita ferimentos 30% das vezes", if(E466="Protetor 1", "Aumenta a taxa de sobrevivência do grupo em 2%", if(E466="Protetor 2", "Aumenta a taxa de sobrevivência do grupo em 5%", if(E466="Protetor 3", "Aumenta a taxa de sobrevivência do grupo em 10%", if(E466="Resistente 1", "Obtém pelo menos 25% de experiência quando ferido e a missão é bem sucedida", if(E466="Resistente 2", "Obtém pelo menos 50% de experiência quando ferido e a missão é bem sucedida", if(E466="Resistente 3", "Obtém pelo menos 100% de experiência quando ferido e a missão é bem sucedida", if(E466="Engenhoso 1", "Impede que 1 peça de equipamento se quebre durante a missão", if(E466="Engenhoso 2", "Impede que 2 peças de equipamento se quebre durante a missão", if(E466="Engenhoso 3", "Impede que 3 peças de equipamento se quebre durante a missão", if(E466="Reviver 1", "Revive um companheiro derrotado 5% das vezes", if(E466="Reviver 2", "Revive um companheiro derrotado 10% das vezes", if(E466="Reviver 3", "Revive um companheiro derrotado 15% das vezes", if(E466="Catador 1", "Aumenta o número mínimo de itens e artefatos encontrados em +1", if(E466="Catador 2", "Aumenta o número mínimo de itens e artefatos encontrados em +2", if(E466="Catador 3", "Aumenta o número mínimo de itens e artefatos encontrados em +3", if(E466="Fornecedor 1", "Reduz a chance de companheiros quebrarem o equipamento em 5%", if(E466="Fornecedor 2", "Reduz a chance de companheiros quebrarem o equipamento em 10%", if(E466="Fornecedor 3", "Reduz a chance de companheiros quebrarem o equipamento em 15%", if(E466="Suporte 1", "Impede que o equipamento de um companheiro se quebre 1 vez", if(E466="Suporte 2", "Impede que o equipamento de um companheiro se quebre 2 vezes", if(E466="Suporte 3", "Impede que o equipamento de um companheiro se quebre 3 vezes", if(E466="Caça-tesouros 1", "Aumenta o número máximo de artefatos e itens de ataque encontrados em +2", if(E466="Caça-tesouros 2", "Aumenta o número máximo de artefatos e itens de ataque encontrados em +4", if(E466="Caça-tesouros 3", "Aumenta o número máximo de artefatos e itens de ataque encontrados em +6", if(E466="Sábio 1", "25% de bônus de experiência", if(E466="Sábio 2", "50% de bônus de experiência", if(E466="Sábio 3", "100% de bônus de experiência", if(E466="Amazona 1", "Aumenta a taxa de sobrevivência de membros femininos do grupo em 5%", if(E466="Amazona 2", "Aumenta a taxa de sobrevivência de membros femininos do grupo em 10%", if(E466="Amazona 3", "Aumenta a taxa de sobrevivência de membros femininos do grupo em 25%", if(E466="Companheiro de Guerra 1", "Aumenta a taxa de sobrevivência de membros masculinos do grupo em 5%", if(E466="Companheiro de Guerra 2", "Aumenta a taxa de sobrevivência de membros masculinos do grupo em 10%", if(E466="Companheiro de Guerra 3", "Aumenta a taxa de sobrevivência de membros masculinos do grupo em 25%", if(E466="Comandante 1", "Aumenta a força dos guerreiros do grupo em 15%", if(E466="Comandante 2", "Aumenta a força dos guerreiros do grupo em 25%", if(E466="Comandante 3", "Aumenta a força dos guerreiros do grupo em 50%", if(E466="Gangster 1", "Aumenta a força do equipamento em 10%", if(or(E466="Gangster 2", E466="Armadura do Mago"), "Aumenta a força do equipamento em 25%", if(E466="Gangster 3", "Aumenta a força do equipamento em 50%", if(E466="Líder 1", "Aumenta o número de companheiros em +1", if(E466="Líder 2", "Aumenta o número de companheiros em +2", if(E466="Líder 3", "Aumenta o número de companheiros em +3", if(E466="Velocista 1", "Reduz a duração da missão em 10%", if(E466="Velocista 2", "Reduz a duração da missão em 25%", if(E466="Velocista 3", "Reduz a duração da missão em 50%", )))))))))))))))))))))))))))))))))))))))))))))))))))))))))))))))))))))))))))) | H466: FALSE
G467: =IF(or(E467="Bola de fogo", E467="Cortar", E467="Esmagar"), "Aumenta a força em 25%", if(E467="Pele de pedra", "Aumenta a força em 30%", if(E467="Berserker", "Aumenta a força em 35%", if(E467="Cone-gélido", "Aumenta a força em 40%", if(E467="Raio elétrico", "Aumenta a força em 50%", if(E467="Emboscada", "Aumenta a força 25% das vezes", if(E467="Defesa", "Aumenta a defesa do equipamento em 10%", if(E467="Passo das Sombras", "Evita ferimentos 15% das vezes", if(E467="Detectar segredo", "Aumenta o número máximo de artefatos e itens de ataque encontrados por cada membro do grupo em +1", if(E467="Encontrar mágica", "Aumenta o número máximo de artefatos e itens de ataque encontrados por cada membro do grupo em +2", if(E467="Aura de proteção", "Aumenta a taxa de sobrevivência do grupo em 8%", if(E467="Revide", "Aumenta a força do equipamento em 20%", if(E467="Mestre das armas", "Aumenta a força do equipamento em 75%", if(E467="Arquimago 1", "Aumenta a força dos feiticeiros do grupo em 10%", if(E467="Arquimago 2", "Aumenta a força dos feiticeiros do grupo em 20%", if(E467="Arquimago 3", "Aumenta a força dos feiticeiros do grupo em 30%", if(E467="Energético 1", "Reduz o tempo de espera depois da missão em 50%", if(E467="Energético 2", "Reduz o tempo de espera depois da missão em 75%", if(E467="Energético 3", "Reduz o tempo de espera depois da missão em 100%", if(E467="Cuidadoso 1", "Diminui a chance de quebra de equipamento em 15% das vezes", if(E467="Cuidadoso 2", "Diminui a chance de quebra de equipamento em 30% das vezes", if(E467="Cuidadoso 3", "Diminui a chance de quebra de equipamento em 50% das vezes", if(E467="Ganancioso 1", "Encontra mais 50% de ouro durante as missões", if(E467="Ganancioso 2", "Encontra mais 100% de ouro durante as missões", if(E467="Ganancioso 3", "Encontra mais 200% de ouro durante as missões", if(E467="Curandeiro 1", "Reduz o tempo de cura de companheiros em 10%", if(E467="Curandeiro 2", "Reduz o tempo de cura de companheiros em 25%", if(E467="Curandeiro 3", "Reduz o tempo de cura de companheiros em 50%", if(E467="Sortudo 1", "Evita ferimentos 10% das vezes", if(E467="Sortudo 2", "Evita ferimentos 20% das vezes", if(E467="Sortudo 3", "Evita ferimentos 30% das vezes", if(E467="Protetor 1", "Aumenta a taxa de sobrevivência do grupo em 2%", if(E467="Protetor 2", "Aumenta a taxa de sobrevivência do grupo em 5%", if(E467="Protetor 3", "Aumenta a taxa de sobrevivência do grupo em 10%", if(E467="Resistente 1", "Obtém pelo menos 25% de experiência quando ferido e a missão é bem sucedida", if(E467="Resistente 2", "Obtém pelo menos 50% de experiência quando ferido e a missão é bem sucedida", if(E467="Resistente 3", "Obtém pelo menos 100% de experiência quando ferido e a missão é bem sucedida", if(E467="Engenhoso 1", "Impede que 1 peça de equipamento se quebre durante a missão", if(E467="Engenhoso 2", "Impede que 2 peças de equipamento se quebre durante a missão", if(E467="Engenhoso 3", "Impede que 3 peças de equipamento se quebre durante a missão", if(E467="Reviver 1", "Revive um companheiro derrotado 5% das vezes", if(E467="Reviver 2", "Revive um companheiro derrotado 10% das vezes", if(E467="Reviver 3", "Revive um companheiro derrotado 15% das vezes", if(E467="Catador 1", "Aumenta o número mínimo de itens e artefatos encontrados em +1", if(E467="Catador 2", "Aumenta o número mínimo de itens e artefatos encontrados em +2", if(E467="Catador 3", "Aumenta o número mínimo de itens e artefatos encontrados em +3", if(E467="Fornecedor 1", "Reduz a chance de companheiros quebrarem o equipamento em 5%", if(E467="Fornecedor 2", "Reduz a chance de companheiros quebrarem o equipamento em 10%", if(E467="Fornecedor 3", "Reduz a chance de companheiros quebrarem o equipamento em 15%", if(E467="Suporte 1", "Impede que o equipamento de um companheiro se quebre 1 vez", if(E467="Suporte 2", "Impede que o equipamento de um companheiro se quebre 2 vezes", if(E467="Suporte 3", "Impede que o equipamento de um companheiro se quebre 3 vezes", if(E467="Caça-tesouros 1", "Aumenta o número máximo de artefatos e itens de ataque encontrados em +2", if(E467="Caça-tesouros 2", "Aumenta o número máximo de artefatos e itens de ataque encontrados em +4", if(E467="Caça-tesouros 3", "Aumenta o número máximo de artefatos e itens de ataque encontrados em +6", if(E467="Sábio 1", "25% de bônus de experiência", if(E467="Sábio 2", "50% de bônus de experiência", if(E467="Sábio 3", "100% de bônus de experiência", if(E467="Amazona 1", "Aumenta a taxa de sobrevivência de membros femininos do grupo em 5%", if(E467="Amazona 2", "Aumenta a taxa de sobrevivência de membros femininos do grupo em 10%", if(E467="Amazona 3", "Aumenta a taxa de sobrevivência de membros femininos do grupo em 25%", if(E467="Companheiro de Guerra 1", "Aumenta a taxa de sobrevivência de membros masculinos do grupo em 5%", if(E467="Companheiro de Guerra 2", "Aumenta a taxa de sobrevivência de membros masculinos do grupo em 10%", if(E467="Companheiro de Guerra 3", "Aumenta a taxa de sobrevivência de membros masculinos do grupo em 25%", if(E467="Comandante 1", "Aumenta a força dos guerreiros do grupo em 15%", if(E467="Comandante 2", "Aumenta a força dos guerreiros do grupo em 25%", if(E467="Comandante 3", "Aumenta a força dos guerreiros do grupo em 50%", if(E467="Gangster 1", "Aumenta a força do equipamento em 10%", if(or(E467="Gangster 2", E467="Armadura do Mago"), "Aumenta a força do equipamento em 25%", if(E467="Gangster 3", "Aumenta a força do equipamento em 50%", if(E467="Líder 1", "Aumenta o número de companheiros em +1", if(E467="Líder 2", "Aumenta o número de companheiros em +2", if(E467="Líder 3", "Aumenta o número de companheiros em +3", if(E467="Velocista 1", "Reduz a duração da missão em 10%", if(E467="Velocista 2", "Reduz a duração da missão em 25%", if(E467="Velocista 3", "Reduz a duração da missão em 50%", )))))))))))))))))))))))))))))))))))))))))))))))))))))))))))))))))))))))))))) | H467: FALSE
G468: =IF(or(E468="Bola de fogo", E468="Cortar", E468="Esmagar"), "Aumenta a força em 25%", if(E468="Pele de pedra", "Aumenta a força em 30%", if(E468="Berserker", "Aumenta a força em 35%", if(E468="Cone-gélido", "Aumenta a força em 40%", if(E468="Raio elétrico", "Aumenta a força em 50%", if(E468="Emboscada", "Aumenta a força 25% das vezes", if(E468="Defesa", "Aumenta a defesa do equipamento em 10%", if(E468="Passo das Sombras", "Evita ferimentos 15% das vezes", if(E468="Detectar segredo", "Aumenta o número máximo de artefatos e itens de ataque encontrados por cada membro do grupo em +1", if(E468="Encontrar mágica", "Aumenta o número máximo de artefatos e itens de ataque encontrados por cada membro do grupo em +2", if(E468="Aura de proteção", "Aumenta a taxa de sobrevivência do grupo em 8%", if(E468="Revide", "Aumenta a força do equipamento em 20%", if(E468="Mestre das armas", "Aumenta a força do equipamento em 75%", if(E468="Arquimago 1", "Aumenta a força dos feiticeiros do grupo em 10%", if(E468="Arquimago 2", "Aumenta a força dos feiticeiros do grupo em 20%", if(E468="Arquimago 3", "Aumenta a força dos feiticeiros do grupo em 30%", if(E468="Energético 1", "Reduz o tempo de espera depois da missão em 50%", if(E468="Energético 2", "Reduz o tempo de espera depois da missão em 75%", if(E468="Energético 3", "Reduz o tempo de espera depois da missão em 100%", if(E468="Cuidadoso 1", "Diminui a chance de quebra de equipamento em 15% das vezes", if(E468="Cuidadoso 2", "Diminui a chance de quebra de equipamento em 30% das vezes", if(E468="Cuidadoso 3", "Diminui a chance de quebra de equipamento em 50% das vezes", if(E468="Ganancioso 1", "Encontra mais 50% de ouro durante as missões", if(E468="Ganancioso 2", "Encontra mais 100% de ouro durante as missões", if(E468="Ganancioso 3", "Encontra mais 200% de ouro durante as missões", if(E468="Curandeiro 1", "Reduz o tempo de cura de companheiros em 10%", if(E468="Curandeiro 2", "Reduz o tempo de cura de companheiros em 25%", if(E468="Curandeiro 3", "Reduz o tempo de cura de companheiros em 50%", if(E468="Sortudo 1", "Evita ferimentos 10% das vezes", if(E468="Sortudo 2", "Evita ferimentos 20% das vezes", if(E468="Sortudo 3", "Evita ferimentos 30% das vezes", if(E468="Protetor 1", "Aumenta a taxa de sobrevivência do grupo em 2%", if(E468="Protetor 2", "Aumenta a taxa de sobrevivência do grupo em 5%", if(E468="Protetor 3", "Aumenta a taxa de sobrevivência do grupo em 10%", if(E468="Resistente 1", "Obtém pelo menos 25% de experiência quando ferido e a missão é bem sucedida", if(E468="Resistente 2", "Obtém pelo menos 50% de experiência quando ferido e a missão é bem sucedida", if(E468="Resistente 3", "Obtém pelo menos 100% de experiência quando ferido e a missão é bem sucedida", if(E468="Engenhoso 1", "Impede que 1 peça de equipamento se quebre durante a missão", if(E468="Engenhoso 2", "Impede que 2 peças de equipamento se quebre durante a missão", if(E468="Engenhoso 3", "Impede que 3 peças de equipamento se quebre durante a missão", if(E468="Reviver 1", "Revive um companheiro derrotado 5% das vezes", if(E468="Reviver 2", "Revive um companheiro derrotado 10% das vezes", if(E468="Reviver 3", "Revive um companheiro derrotado 15% das vezes", if(E468="Catador 1", "Aumenta o número mínimo de itens e artefatos encontrados em +1", if(E468="Catador 2", "Aumenta o número mínimo de itens e artefatos encontrados em +2", if(E468="Catador 3", "Aumenta o número mínimo de itens e artefatos encontrados em +3", if(E468="Fornecedor 1", "Reduz a chance de companheiros quebrarem o equipamento em 5%", if(E468="Fornecedor 2", "Reduz a chance de companheiros quebrarem o equipamento em 10%", if(E468="Fornecedor 3", "Reduz a chance de companheiros quebrarem o equipamento em 15%", if(E468="Suporte 1", "Impede que o equipamento de um companheiro se quebre 1 vez", if(E468="Suporte 2", "Impede que o equipamento de um companheiro se quebre 2 vezes", if(E468="Suporte 3", "Impede que o equipamento de um companheiro se quebre 3 vezes", if(E468="Caça-tesouros 1", "Aumenta o número máximo de artefatos e itens de ataque encontrados em +2", if(E468="Caça-tesouros 2", "Aumenta o número máximo de artefatos e itens de ataque encontrados em +4", if(E468="Caça-tesouros 3", "Aumenta o número máximo de artefatos e itens de ataque encontrados em +6", if(E468="Sábio 1", "25% de bônus de experiência", if(E468="Sábio 2", "50% de bônus de experiência", if(E468="Sábio 3", "100% de bônus de experiência", if(E468="Amazona 1", "Aumenta a taxa de sobrevivência de membros femininos do grupo em 5%", if(E468="Amazona 2", "Aumenta a taxa de sobrevivência de membros femininos do grupo em 10%", if(E468="Amazona 3", "Aumenta a taxa de sobrevivência de membros femininos do grupo em 25%", if(E468="Companheiro de Guerra 1", "Aumenta a taxa de sobrevivência de membros masculinos do grupo em 5%", if(E468="Companheiro de Guerra 2", "Aumenta a taxa de sobrevivência de membros masculinos do grupo em 10%", if(E468="Companheiro de Guerra 3", "Aumenta a taxa de sobrevivência de membros masculinos do grupo em 25%", if(E468="Comandante 1", "Aumenta a força dos guerreiros do grupo em 15%", if(E468="Comandante 2", "Aumenta a força dos guerreiros do grupo em 25%", if(E468="Comandante 3", "Aumenta a força dos guerreiros do grupo em 50%", if(E468="Gangster 1", "Aumenta a força do equipamento em 10%", if(or(E468="Gangster 2", E468="Armadura do Mago"), "Aumenta a força do equipamento em 25%", if(E468="Gangster 3", "Aumenta a força do equipamento em 50%", if(E468="Líder 1", "Aumenta o número de companheiros em +1", if(E468="Líder 2", "Aumenta o número de companheiros em +2", if(E468="Líder 3", "Aumenta o número de companheiros em +3", if(E468="Velocista 1", "Reduz a duração da missão em 10%", if(E468="Velocista 2", "Reduz a duração da missão em 25%", if(E468="Velocista 3", "Reduz a duração da missão em 50%", )))))))))))))))))))))))))))))))))))))))))))))))))))))))))))))))))))))))))))) | H468: FALSE
G469: =IF(or(E469="Bola de fogo", E469="Cortar", E469="Esmagar"), "Aumenta a força em 25%", if(E469="Pele de pedra", "Aumenta a força em 30%", if(E469="Berserker", "Aumenta a força em 35%", if(E469="Cone-gélido", "Aumenta a força em 40%", if(E469="Raio elétrico", "Aumenta a força em 50%", if(E469="Emboscada", "Aumenta a força 25% das vezes", if(E469="Defesa", "Aumenta a defesa do equipamento em 10%", if(E469="Passo das Sombras", "Evita ferimentos 15% das vezes", if(E469="Detectar segredo", "Aumenta o número máximo de artefatos e itens de ataque encontrados por cada membro do grupo em +1", if(E469="Encontrar mágica", "Aumenta o número máximo de artefatos e itens de ataque encontrados por cada membro do grupo em +2", if(E469="Aura de proteção", "Aumenta a taxa de sobrevivência do grupo em 8%", if(E469="Revide", "Aumenta a força do equipamento em 20%", if(E469="Mestre das armas", "Aumenta a força do equipamento em 75%", if(E469="Arquimago 1", "Aumenta a força dos feiticeiros do grupo em 10%", if(E469="Arquimago 2", "Aumenta a força dos feiticeiros do grupo em 20%", if(E469="Arquimago 3", "Aumenta a força dos feiticeiros do grupo em 30%", if(E469="Energético 1", "Reduz o tempo de espera depois da missão em 50%", if(E469="Energético 2", "Reduz o tempo de espera depois da missão em 75%", if(E469="Energético 3", "Reduz o tempo de espera depois da missão em 100%", if(E469="Cuidadoso 1", "Diminui a chance de quebra de equipamento em 15% das vezes", if(E469="Cuidadoso 2", "Diminui a chance de quebra de equipamento em 30% das vezes", if(E469="Cuidadoso 3", "Diminui a chance de quebra de equipamento em 50% das vezes", if(E469="Ganancioso 1", "Encontra mais 50% de ouro durante as missões", if(E469="Ganancioso 2", "Encontra mais 100% de ouro durante as missões", if(E469="Ganancioso 3", "Encontra mais 200% de ouro durante as missões", if(E469="Curandeiro 1", "Reduz o tempo de cura de companheiros em 10%", if(E469="Curandeiro 2", "Reduz o tempo de cura de companheiros em 25%", if(E469="Curandeiro 3", "Reduz o tempo de cura de companheiros em 50%", if(E469="Sortudo 1", "Evita ferimentos 10% das vezes", if(E469="Sortudo 2", "Evita ferimentos 20% das vezes", if(E469="Sortudo 3", "Evita ferimentos 30% das vezes", if(E469="Protetor 1", "Aumenta a taxa de sobrevivência do grupo em 2%", if(E469="Protetor 2", "Aumenta a taxa de sobrevivência do grupo em 5%", if(E469="Protetor 3", "Aumenta a taxa de sobrevivência do grupo em 10%", if(E469="Resistente 1", "Obtém pelo menos 25% de experiência quando ferido e a missão é bem sucedida", if(E469="Resistente 2", "Obtém pelo menos 50% de experiência quando ferido e a missão é bem sucedida", if(E469="Resistente 3", "Obtém pelo menos 100% de experiência quando ferido e a missão é bem sucedida", if(E469="Engenhoso 1", "Impede que 1 peça de equipamento se quebre durante a missão", if(E469="Engenhoso 2", "Impede que 2 peças de equipamento se quebre durante a missão", if(E469="Engenhoso 3", "Impede que 3 peças de equipamento se quebre durante a missão", if(E469="Reviver 1", "Revive um companheiro derrotado 5% das vezes", if(E469="Reviver 2", "Revive um companheiro derrotado 10% das vezes", if(E469="Reviver 3", "Revive um companheiro derrotado 15% das vezes", if(E469="Catador 1", "Aumenta o número mínimo de itens e artefatos encontrados em +1", if(E469="Catador 2", "Aumenta o número mínimo de itens e artefatos encontrados em +2", if(E469="Catador 3", "Aumenta o número mínimo de itens e artefatos encontrados em +3", if(E469="Fornecedor 1", "Reduz a chance de companheiros quebrarem o equipamento em 5%", if(E469="Fornecedor 2", "Reduz a chance de companheiros quebrarem o equipamento em 10%", if(E469="Fornecedor 3", "Reduz a chance de companheiros quebrarem o equipamento em 15%", if(E469="Suporte 1", "Impede que o equipamento de um companheiro se quebre 1 vez", if(E469="Suporte 2", "Impede que o equipamento de um companheiro se quebre 2 vezes", if(E469="Suporte 3", "Impede que o equipamento de um companheiro se quebre 3 vezes", if(E469="Caça-tesouros 1", "Aumenta o número máximo de artefatos e itens de ataque encontrados em +2", if(E469="Caça-tesouros 2", "Aumenta o número máximo de artefatos e itens de ataque encontrados em +4", if(E469="Caça-tesouros 3", "Aumenta o número máximo de artefatos e itens de ataque encontrados em +6", if(E469="Sábio 1", "25% de bônus de experiência", if(E469="Sábio 2", "50% de bônus de experiência", if(E469="Sábio 3", "100% de bônus de experiência", if(E469="Amazona 1", "Aumenta a taxa de sobrevivência de membros femininos do grupo em 5%", if(E469="Amazona 2", "Aumenta a taxa de sobrevivência de membros femininos do grupo em 10%", if(E469="Amazona 3", "Aumenta a taxa de sobrevivência de membros femininos do grupo em 25%", if(E469="Companheiro de Guerra 1", "Aumenta a taxa de sobrevivência de membros masculinos do grupo em 5%", if(E469="Companheiro de Guerra 2", "Aumenta a taxa de sobrevivência de membros masculinos do grupo em 10%", if(E469="Companheiro de Guerra 3", "Aumenta a taxa de sobrevivência de membros masculinos do grupo em 25%", if(E469="Comandante 1", "Aumenta a força dos guerreiros do grupo em 15%", if(E469="Comandante 2", "Aumenta a força dos guerreiros do grupo em 25%", if(E469="Comandante 3", "Aumenta a força dos guerreiros do grupo em 50%", if(E469="Gangster 1", "Aumenta a força do equipamento em 10%", if(or(E469="Gangster 2", E469="Armadura do Mago"), "Aumenta a força do equipamento em 25%", if(E469="Gangster 3", "Aumenta a força do equipamento em 50%", if(E469="Líder 1", "Aumenta o número de companheiros em +1", if(E469="Líder 2", "Aumenta o número de companheiros em +2", if(E469="Líder 3", "Aumenta o número de companheiros em +3", if(E469="Velocista 1", "Reduz a duração da missão em 10%", if(E469="Velocista 2", "Reduz a duração da missão em 25%", if(E469="Velocista 3", "Reduz a duração da missão em 50%", )))))))))))))))))))))))))))))))))))))))))))))))))))))))))))))))))))))))))))) | H469: FALSE
G470: =IF(or(E470="Bola de fogo", E470="Cortar", E470="Esmagar"), "Aumenta a força em 25%", if(E470="Pele de pedra", "Aumenta a força em 30%", if(E470="Berserker", "Aumenta a força em 35%", if(E470="Cone-gélido", "Aumenta a força em 40%", if(E470="Raio elétrico", "Aumenta a força em 50%", if(E470="Emboscada", "Aumenta a força 25% das vezes", if(E470="Defesa", "Aumenta a defesa do equipamento em 10%", if(E470="Passo das Sombras", "Evita ferimentos 15% das vezes", if(E470="Detectar segredo", "Aumenta o número máximo de artefatos e itens de ataque encontrados por cada membro do grupo em +1", if(E470="Encontrar mágica", "Aumenta o número máximo de artefatos e itens de ataque encontrados por cada membro do grupo em +2", if(E470="Aura de proteção", "Aumenta a taxa de sobrevivência do grupo em 8%", if(E470="Revide", "Aumenta a força do equipamento em 20%", if(E470="Mestre das armas", "Aumenta a força do equipamento em 75%", if(E470="Arquimago 1", "Aumenta a força dos feiticeiros do grupo em 10%", if(E470="Arquimago 2", "Aumenta a força dos feiticeiros do grupo em 20%", if(E470="Arquimago 3", "Aumenta a força dos feiticeiros do grupo em 30%", if(E470="Energético 1", "Reduz o tempo de espera depois da missão em 50%", if(E470="Energético 2", "Reduz o tempo de espera depois da missão em 75%", if(E470="Energético 3", "Reduz o tempo de espera depois da missão em 100%", if(E470="Cuidadoso 1", "Diminui a chance de quebra de equipamento em 15% das vezes", if(E470="Cuidadoso 2", "Diminui a chance de quebra de equipamento em 30% das vezes", if(E470="Cuidadoso 3", "Diminui a chance de quebra de equipamento em 50% das vezes", if(E470="Ganancioso 1", "Encontra mais 50% de ouro durante as missões", if(E470="Ganancioso 2", "Encontra mais 100% de ouro durante as missões", if(E470="Ganancioso 3", "Encontra mais 200% de ouro durante as missões", if(E470="Curandeiro 1", "Reduz o tempo de cura de companheiros em 10%", if(E470="Curandeiro 2", "Reduz o tempo de cura de companheiros em 25%", if(E470="Curandeiro 3", "Reduz o tempo de cura de companheiros em 50%", if(E470="Sortudo 1", "Evita ferimentos 10% das vezes", if(E470="Sortudo 2", "Evita ferimentos 20% das vezes", if(E470="Sortudo 3", "Evita ferimentos 30% das vezes", if(E470="Protetor 1", "Aumenta a taxa de sobrevivência do grupo em 2%", if(E470="Protetor 2", "Aumenta a taxa de sobrevivência do grupo em 5%", if(E470="Protetor 3", "Aumenta a taxa de sobrevivência do grupo em 10%", if(E470="Resistente 1", "Obtém pelo menos 25% de experiência quando ferido e a missão é bem sucedida", if(E470="Resistente 2", "Obtém pelo menos 50% de experiência quando ferido e a missão é bem sucedida", if(E470="Resistente 3", "Obtém pelo menos 100% de experiência quando ferido e a missão é bem sucedida", if(E470="Engenhoso 1", "Impede que 1 peça de equipamento se quebre durante a missão", if(E470="Engenhoso 2", "Impede que 2 peças de equipamento se quebre durante a missão", if(E470="Engenhoso 3", "Impede que 3 peças de equipamento se quebre durante a missão", if(E470="Reviver 1", "Revive um companheiro derrotado 5% das vezes", if(E470="Reviver 2", "Revive um companheiro derrotado 10% das vezes", if(E470="Reviver 3", "Revive um companheiro derrotado 15% das vezes", if(E470="Catador 1", "Aumenta o número mínimo de itens e artefatos encontrados em +1", if(E470="Catador 2", "Aumenta o número mínimo de itens e artefatos encontrados em +2", if(E470="Catador 3", "Aumenta o número mínimo de itens e artefatos encontrados em +3", if(E470="Fornecedor 1", "Reduz a chance de companheiros quebrarem o equipamento em 5%", if(E470="Fornecedor 2", "Reduz a chance de companheiros quebrarem o equipamento em 10%", if(E470="Fornecedor 3", "Reduz a chance de companheiros quebrarem o equipamento em 15%", if(E470="Suporte 1", "Impede que o equipamento de um companheiro se quebre 1 vez", if(E470="Suporte 2", "Impede que o equipamento de um companheiro se quebre 2 vezes", if(E470="Suporte 3", "Impede que o equipamento de um companheiro se quebre 3 vezes", if(E470="Caça-tesouros 1", "Aumenta o número máximo de artefatos e itens de ataque encontrados em +2", if(E470="Caça-tesouros 2", "Aumenta o número máximo de artefatos e itens de ataque encontrados em +4", if(E470="Caça-tesouros 3", "Aumenta o número máximo de artefatos e itens de ataque encontrados em +6", if(E470="Sábio 1", "25% de bônus de experiência", if(E470="Sábio 2", "50% de bônus de experiência", if(E470="Sábio 3", "100% de bônus de experiência", if(E470="Amazona 1", "Aumenta a taxa de sobrevivência de membros femininos do grupo em 5%", if(E470="Amazona 2", "Aumenta a taxa de sobrevivência de membros femininos do grupo em 10%", if(E470="Amazona 3", "Aumenta a taxa de sobrevivência de membros femininos do grupo em 25%", if(E470="Companheiro de Guerra 1", "Aumenta a taxa de sobrevivência de membros masculinos do grupo em 5%", if(E470="Companheiro de Guerra 2", "Aumenta a taxa de sobrevivência de membros masculinos do grupo em 10%", if(E470="Companheiro de Guerra 3", "Aumenta a taxa de sobrevivência de membros masculinos do grupo em 25%", if(E470="Comandante 1", "Aumenta a força dos guerreiros do grupo em 15%", if(E470="Comandante 2", "Aumenta a força dos guerreiros do grupo em 25%", if(E470="Comandante 3", "Aumenta a força dos guerreiros do grupo em 50%", if(E470="Gangster 1", "Aumenta a força do equipamento em 10%", if(or(E470="Gangster 2", E470="Armadura do Mago"), "Aumenta a força do equipamento em 25%", if(E470="Gangster 3", "Aumenta a força do equipamento em 50%", if(E470="Líder 1", "Aumenta o número de companheiros em +1", if(E470="Líder 2", "Aumenta o número de companheiros em +2", if(E470="Líder 3", "Aumenta o número de companheiros em +3", if(E470="Velocista 1", "Reduz a duração da missão em 10%", if(E470="Velocista 2", "Reduz a duração da missão em 25%", if(E470="Velocista 3", "Reduz a duração da missão em 50%", )))))))))))))))))))))))))))))))))))))))))))))))))))))))))))))))))))))))))))) | H470: FALSE
G471: =IF(or(E471="Bola de fogo", E471="Cortar", E471="Esmagar"), "Aumenta a força em 25%", if(E471="Pele de pedra", "Aumenta a força em 30%", if(E471="Berserker", "Aumenta a força em 35%", if(E471="Cone-gélido", "Aumenta a força em 40%", if(E471="Raio elétrico", "Aumenta a força em 50%", if(E471="Emboscada", "Aumenta a força 25% das vezes", if(E471="Defesa", "Aumenta a defesa do equipamento em 10%", if(E471="Passo das Sombras", "Evita ferimentos 15% das vezes", if(E471="Detectar segredo", "Aumenta o número máximo de artefatos e itens de ataque encontrados por cada membro do grupo em +1", if(E471="Encontrar mágica", "Aumenta o número máximo de artefatos e itens de ataque encontrados por cada membro do grupo em +2", if(E471="Aura de proteção", "Aumenta a taxa de sobrevivência do grupo em 8%", if(E471="Revide", "Aumenta a força do equipamento em 20%", if(E471="Mestre das armas", "Aumenta a força do equipamento em 75%", if(E471="Arquimago 1", "Aumenta a força dos feiticeiros do grupo em 10%", if(E471="Arquimago 2", "Aumenta a força dos feiticeiros do grupo em 20%", if(E471="Arquimago 3", "Aumenta a força dos feiticeiros do grupo em 30%", if(E471="Energético 1", "Reduz o tempo de espera depois da missão em 50%", if(E471="Energético 2", "Reduz o tempo de espera depois da missão em 75%", if(E471="Energético 3", "Reduz o tempo de espera depois da missão em 100%", if(E471="Cuidadoso 1", "Diminui a chance de quebra de equipamento em 15% das vezes", if(E471="Cuidadoso 2", "Diminui a chance de quebra de equipamento em 30% das vezes", if(E471="Cuidadoso 3", "Diminui a chance de quebra de equipamento em 50% das vezes", if(E471="Ganancioso 1", "Encontra mais 50% de ouro durante as missões", if(E471="Ganancioso 2", "Encontra mais 100% de ouro durante as missões", if(E471="Ganancioso 3", "Encontra mais 200% de ouro durante as missões", if(E471="Curandeiro 1", "Reduz o tempo de cura de companheiros em 10%", if(E471="Curandeiro 2", "Reduz o tempo de cura de companheiros em 25%", if(E471="Curandeiro 3", "Reduz o tempo de cura de companheiros em 50%", if(E471="Sortudo 1", "Evita ferimentos 10% das vezes", if(E471="Sortudo 2", "Evita ferimentos 20% das vezes", if(E471="Sortudo 3", "Evita ferimentos 30% das vezes", if(E471="Protetor 1", "Aumenta a taxa de sobrevivência do grupo em 2%", if(E471="Protetor 2", "Aumenta a taxa de sobrevivência do grupo em 5%", if(E471="Protetor 3", "Aumenta a taxa de sobrevivência do grupo em 10%", if(E471="Resistente 1", "Obtém pelo menos 25% de experiência quando ferido e a missão é bem sucedida", if(E471="Resistente 2", "Obtém pelo menos 50% de experiência quando ferido e a missão é bem sucedida", if(E471="Resistente 3", "Obtém pelo menos 100% de experiência quando ferido e a missão é bem sucedida", if(E471="Engenhoso 1", "Impede que 1 peça de equipamento se quebre durante a missão", if(E471="Engenhoso 2", "Impede que 2 peças de equipamento se quebre durante a missão", if(E471="Engenhoso 3", "Impede que 3 peças de equipamento se quebre durante a missão", if(E471="Reviver 1", "Revive um companheiro derrotado 5% das vezes", if(E471="Reviver 2", "Revive um companheiro derrotado 10% das vezes", if(E471="Reviver 3", "Revive um companheiro derrotado 15% das vezes", if(E471="Catador 1", "Aumenta o número mínimo de itens e artefatos encontrados em +1", if(E471="Catador 2", "Aumenta o número mínimo de itens e artefatos encontrados em +2", if(E471="Catador 3", "Aumenta o número mínimo de itens e artefatos encontrados em +3", if(E471="Fornecedor 1", "Reduz a chance de companheiros quebrarem o equipamento em 5%", if(E471="Fornecedor 2", "Reduz a chance de companheiros quebrarem o equipamento em 10%", if(E471="Fornecedor 3", "Reduz a chance de companheiros quebrarem o equipamento em 15%", if(E471="Suporte 1", "Impede que o equipamento de um companheiro se quebre 1 vez", if(E471="Suporte 2", "Impede que o equipamento de um companheiro se quebre 2 vezes", if(E471="Suporte 3", "Impede que o equipamento de um companheiro se quebre 3 vezes", if(E471="Caça-tesouros 1", "Aumenta o número máximo de artefatos e itens de ataque encontrados em +2", if(E471="Caça-tesouros 2", "Aumenta o número máximo de artefatos e itens de ataque encontrados em +4", if(E471="Caça-tesouros 3", "Aumenta o número máximo de artefatos e itens de ataque encontrados em +6", if(E471="Sábio 1", "25% de bônus de experiência", if(E471="Sábio 2", "50% de bônus de experiência", if(E471="Sábio 3", "100% de bônus de experiência", if(E471="Amazona 1", "Aumenta a taxa de sobrevivência de membros femininos do grupo em 5%", if(E471="Amazona 2", "Aumenta a taxa de sobrevivência de membros femininos do grupo em 10%", if(E471="Amazona 3", "Aumenta a taxa de sobrevivência de membros femininos do grupo em 25%", if(E471="Companheiro de Guerra 1", "Aumenta a taxa de sobrevivência de membros masculinos do grupo em 5%", if(E471="Companheiro de Guerra 2", "Aumenta a taxa de sobrevivência de membros masculinos do grupo em 10%", if(E471="Companheiro de Guerra 3", "Aumenta a taxa de sobrevivência de membros masculinos do grupo em 25%", if(E471="Comandante 1", "Aumenta a força dos guerreiros do grupo em 15%", if(E471="Comandante 2", "Aumenta a força dos guerreiros do grupo em 25%", if(E471="Comandante 3", "Aumenta a força dos guerreiros do grupo em 50%", if(E471="Gangster 1", "Aumenta a força do equipamento em 10%", if(or(E471="Gangster 2", E471="Armadura do Mago"), "Aumenta a força do equipamento em 25%", if(E471="Gangster 3", "Aumenta a força do equipamento em 50%", if(E471="Líder 1", "Aumenta o número de companheiros em +1", if(E471="Líder 2", "Aumenta o número de companheiros em +2", if(E471="Líder 3", "Aumenta o número de companheiros em +3", if(E471="Velocista 1", "Reduz a duração da missão em 10%", if(E471="Velocista 2", "Reduz a duração da missão em 25%", if(E471="Velocista 3", "Reduz a duração da missão em 50%", )))))))))))))))))))))))))))))))))))))))))))))))))))))))))))))))))))))))))))) | H471: FALSE
G472: =IF(or(E472="Bola de fogo", E472="Cortar", E472="Esmagar"), "Aumenta a força em 25%", if(E472="Pele de pedra", "Aumenta a força em 30%", if(E472="Berserker", "Aumenta a força em 35%", if(E472="Cone-gélido", "Aumenta a força em 40%", if(E472="Raio elétrico", "Aumenta a força em 50%", if(E472="Emboscada", "Aumenta a força 25% das vezes", if(E472="Defesa", "Aumenta a defesa do equipamento em 10%", if(E472="Passo das Sombras", "Evita ferimentos 15% das vezes", if(E472="Detectar segredo", "Aumenta o número máximo de artefatos e itens de ataque encontrados por cada membro do grupo em +1", if(E472="Encontrar mágica", "Aumenta o número máximo de artefatos e itens de ataque encontrados por cada membro do grupo em +2", if(E472="Aura de proteção", "Aumenta a taxa de sobrevivência do grupo em 8%", if(E472="Revide", "Aumenta a força do equipamento em 20%", if(E472="Mestre das armas", "Aumenta a força do equipamento em 75%", if(E472="Arquimago 1", "Aumenta a força dos feiticeiros do grupo em 10%", if(E472="Arquimago 2", "Aumenta a força dos feiticeiros do grupo em 20%", if(E472="Arquimago 3", "Aumenta a força dos feiticeiros do grupo em 30%", if(E472="Energético 1", "Reduz o tempo de espera depois da missão em 50%", if(E472="Energético 2", "Reduz o tempo de espera depois da missão em 75%", if(E472="Energético 3", "Reduz o tempo de espera depois da missão em 100%", if(E472="Cuidadoso 1", "Diminui a chance de quebra de equipamento em 15% das vezes", if(E472="Cuidadoso 2", "Diminui a chance de quebra de equipamento em 30% das vezes", if(E472="Cuidadoso 3", "Diminui a chance de quebra de equipamento em 50% das vezes", if(E472="Ganancioso 1", "Encontra mais 50% de ouro durante as missões", if(E472="Ganancioso 2", "Encontra mais 100% de ouro durante as missões", if(E472="Ganancioso 3", "Encontra mais 200% de ouro durante as missões", if(E472="Curandeiro 1", "Reduz o tempo de cura de companheiros em 10%", if(E472="Curandeiro 2", "Reduz o tempo de cura de companheiros em 25%", if(E472="Curandeiro 3", "Reduz o tempo de cura de companheiros em 50%", if(E472="Sortudo 1", "Evita ferimentos 10% das vezes", if(E472="Sortudo 2", "Evita ferimentos 20% das vezes", if(E472="Sortudo 3", "Evita ferimentos 30% das vezes", if(E472="Protetor 1", "Aumenta a taxa de sobrevivência do grupo em 2%", if(E472="Protetor 2", "Aumenta a taxa de sobrevivência do grupo em 5%", if(E472="Protetor 3", "Aumenta a taxa de sobrevivência do grupo em 10%", if(E472="Resistente 1", "Obtém pelo menos 25% de experiência quando ferido e a missão é bem sucedida", if(E472="Resistente 2", "Obtém pelo menos 50% de experiência quando ferido e a missão é bem sucedida", if(E472="Resistente 3", "Obtém pelo menos 100% de experiência quando ferido e a missão é bem sucedida", if(E472="Engenhoso 1", "Impede que 1 peça de equipamento se quebre durante a missão", if(E472="Engenhoso 2", "Impede que 2 peças de equipamento se quebre durante a missão", if(E472="Engenhoso 3", "Impede que 3 peças de equipamento se quebre durante a missão", if(E472="Reviver 1", "Revive um companheiro derrotado 5% das vezes", if(E472="Reviver 2", "Revive um companheiro derrotado 10% das vezes", if(E472="Reviver 3", "Revive um companheiro derrotado 15% das vezes", if(E472="Catador 1", "Aumenta o número mínimo de itens e artefatos encontrados em +1", if(E472="Catador 2", "Aumenta o número mínimo de itens e artefatos encontrados em +2", if(E472="Catador 3", "Aumenta o número mínimo de itens e artefatos encontrados em +3", if(E472="Fornecedor 1", "Reduz a chance de companheiros quebrarem o equipamento em 5%", if(E472="Fornecedor 2", "Reduz a chance de companheiros quebrarem o equipamento em 10%", if(E472="Fornecedor 3", "Reduz a chance de companheiros quebrarem o equipamento em 15%", if(E472="Suporte 1", "Impede que o equipamento de um companheiro se quebre 1 vez", if(E472="Suporte 2", "Impede que o equipamento de um companheiro se quebre 2 vezes", if(E472="Suporte 3", "Impede que o equipamento de um companheiro se quebre 3 vezes", if(E472="Caça-tesouros 1", "Aumenta o número máximo de artefatos e itens de ataque encontrados em +2", if(E472="Caça-tesouros 2", "Aumenta o número máximo de artefatos e itens de ataque encontrados em +4", if(E472="Caça-tesouros 3", "Aumenta o número máximo de artefatos e itens de ataque encontrados em +6", if(E472="Sábio 1", "25% de bônus de experiência", if(E472="Sábio 2", "50% de bônus de experiência", if(E472="Sábio 3", "100% de bônus de experiência", if(E472="Amazona 1", "Aumenta a taxa de sobrevivência de membros femininos do grupo em 5%", if(E472="Amazona 2", "Aumenta a taxa de sobrevivência de membros femininos do grupo em 10%", if(E472="Amazona 3", "Aumenta a taxa de sobrevivência de membros femininos do grupo em 25%", if(E472="Companheiro de Guerra 1", "Aumenta a taxa de sobrevivência de membros masculinos do grupo em 5%", if(E472="Companheiro de Guerra 2", "Aumenta a taxa de sobrevivência de membros masculinos do grupo em 10%", if(E472="Companheiro de Guerra 3", "Aumenta a taxa de sobrevivência de membros masculinos do grupo em 25%", if(E472="Comandante 1", "Aumenta a força dos guerreiros do grupo em 15%", if(E472="Comandante 2", "Aumenta a força dos guerreiros do grupo em 25%", if(E472="Comandante 3", "Aumenta a força dos guerreiros do grupo em 50%", if(E472="Gangster 1", "Aumenta a força do equipamento em 10%", if(or(E472="Gangster 2", E472="Armadura do Mago"), "Aumenta a força do equipamento em 25%", if(E472="Gangster 3", "Aumenta a força do equipamento em 50%", if(E472="Líder 1", "Aumenta o número de companheiros em +1", if(E472="Líder 2", "Aumenta o número de companheiros em +2", if(E472="Líder 3", "Aumenta o número de companheiros em +3", if(E472="Velocista 1", "Reduz a duração da missão em 10%", if(E472="Velocista 2", "Reduz a duração da missão em 25%", if(E472="Velocista 3", "Reduz a duração da missão em 50%", )))))))))))))))))))))))))))))))))))))))))))))))))))))))))))))))))))))))))))) | H472: FALSE
G473: =IF(or(E473="Bola de fogo", E473="Cortar", E473="Esmagar"), "Aumenta a força em 25%", if(E473="Pele de pedra", "Aumenta a força em 30%", if(E473="Berserker", "Aumenta a força em 35%", if(E473="Cone-gélido", "Aumenta a força em 40%", if(E473="Raio elétrico", "Aumenta a força em 50%", if(E473="Emboscada", "Aumenta a força 25% das vezes", if(E473="Defesa", "Aumenta a defesa do equipamento em 10%", if(E473="Passo das Sombras", "Evita ferimentos 15% das vezes", if(E473="Detectar segredo", "Aumenta o número máximo de artefatos e itens de ataque encontrados por cada membro do grupo em +1", if(E473="Encontrar mágica", "Aumenta o número máximo de artefatos e itens de ataque encontrados por cada membro do grupo em +2", if(E473="Aura de proteção", "Aumenta a taxa de sobrevivência do grupo em 8%", if(E473="Revide", "Aumenta a força do equipamento em 20%", if(E473="Mestre das armas", "Aumenta a força do equipamento em 75%", if(E473="Arquimago 1", "Aumenta a força dos feiticeiros do grupo em 10%", if(E473="Arquimago 2", "Aumenta a força dos feiticeiros do grupo em 20%", if(E473="Arquimago 3", "Aumenta a força dos feiticeiros do grupo em 30%", if(E473="Energético 1", "Reduz o tempo de espera depois da missão em 50%", if(E473="Energético 2", "Reduz o tempo de espera depois da missão em 75%", if(E473="Energético 3", "Reduz o tempo de espera depois da missão em 100%", if(E473="Cuidadoso 1", "Diminui a chance de quebra de equipamento em 15% das vezes", if(E473="Cuidadoso 2", "Diminui a chance de quebra de equipamento em 30% das vezes", if(E473="Cuidadoso 3", "Diminui a chance de quebra de equipamento em 50% das vezes", if(E473="Ganancioso 1", "Encontra mais 50% de ouro durante as missões", if(E473="Ganancioso 2", "Encontra mais 100% de ouro durante as missões", if(E473="Ganancioso 3", "Encontra mais 200% de ouro durante as missões", if(E473="Curandeiro 1", "Reduz o tempo de cura de companheiros em 10%", if(E473="Curandeiro 2", "Reduz o tempo de cura de companheiros em 25%", if(E473="Curandeiro 3", "Reduz o tempo de cura de companheiros em 50%", if(E473="Sortudo 1", "Evita ferimentos 10% das vezes", if(E473="Sortudo 2", "Evita ferimentos 20% das vezes", if(E473="Sortudo 3", "Evita ferimentos 30% das vezes", if(E473="Protetor 1", "Aumenta a taxa de sobrevivência do grupo em 2%", if(E473="Protetor 2", "Aumenta a taxa de sobrevivência do grupo em 5%", if(E473="Protetor 3", "Aumenta a taxa de sobrevivência do grupo em 10%", if(E473="Resistente 1", "Obtém pelo menos 25% de experiência quando ferido e a missão é bem sucedida", if(E473="Resistente 2", "Obtém pelo menos 50% de experiência quando ferido e a missão é bem sucedida", if(E473="Resistente 3", "Obtém pelo menos 100% de experiência quando ferido e a missão é bem sucedida", if(E473="Engenhoso 1", "Impede que 1 peça de equipamento se quebre durante a missão", if(E473="Engenhoso 2", "Impede que 2 peças de equipamento se quebre durante a missão", if(E473="Engenhoso 3", "Impede que 3 peças de equipamento se quebre durante a missão", if(E473="Reviver 1", "Revive um companheiro derrotado 5% das vezes", if(E473="Reviver 2", "Revive um companheiro derrotado 10% das vezes", if(E473="Reviver 3", "Revive um companheiro derrotado 15% das vezes", if(E473="Catador 1", "Aumenta o número mínimo de itens e artefatos encontrados em +1", if(E473="Catador 2", "Aumenta o número mínimo de itens e artefatos encontrados em +2", if(E473="Catador 3", "Aumenta o número mínimo de itens e artefatos encontrados em +3", if(E473="Fornecedor 1", "Reduz a chance de companheiros quebrarem o equipamento em 5%", if(E473="Fornecedor 2", "Reduz a chance de companheiros quebrarem o equipamento em 10%", if(E473="Fornecedor 3", "Reduz a chance de companheiros quebrarem o equipamento em 15%", if(E473="Suporte 1", "Impede que o equipamento de um companheiro se quebre 1 vez", if(E473="Suporte 2", "Impede que o equipamento de um companheiro se quebre 2 vezes", if(E473="Suporte 3", "Impede que o equipamento de um companheiro se quebre 3 vezes", if(E473="Caça-tesouros 1", "Aumenta o número máximo de artefatos e itens de ataque encontrados em +2", if(E473="Caça-tesouros 2", "Aumenta o número máximo de artefatos e itens de ataque encontrados em +4", if(E473="Caça-tesouros 3", "Aumenta o número máximo de artefatos e itens de ataque encontrados em +6", if(E473="Sábio 1", "25% de bônus de experiência", if(E473="Sábio 2", "50% de bônus de experiência", if(E473="Sábio 3", "100% de bônus de experiência", if(E473="Amazona 1", "Aumenta a taxa de sobrevivência de membros femininos do grupo em 5%", if(E473="Amazona 2", "Aumenta a taxa de sobrevivência de membros femininos do grupo em 10%", if(E473="Amazona 3", "Aumenta a taxa de sobrevivência de membros femininos do grupo em 25%", if(E473="Companheiro de Guerra 1", "Aumenta a taxa de sobrevivência de membros masculinos do grupo em 5%", if(E473="Companheiro de Guerra 2", "Aumenta a taxa de sobrevivência de membros masculinos do grupo em 10%", if(E473="Companheiro de Guerra 3", "Aumenta a taxa de sobrevivência de membros masculinos do grupo em 25%", if(E473="Comandante 1", "Aumenta a força dos guerreiros do grupo em 15%", if(E473="Comandante 2", "Aumenta a força dos guerreiros do grupo em 25%", if(E473="Comandante 3", "Aumenta a força dos guerreiros do grupo em 50%", if(E473="Gangster 1", "Aumenta a força do equipamento em 10%", if(or(E473="Gangster 2", E473="Armadura do Mago"), "Aumenta a força do equipamento em 25%", if(E473="Gangster 3", "Aumenta a força do equipamento em 50%", if(E473="Líder 1", "Aumenta o número de companheiros em +1", if(E473="Líder 2", "Aumenta o número de companheiros em +2", if(E473="Líder 3", "Aumenta o número de companheiros em +3", if(E473="Velocista 1", "Reduz a duração da missão em 10%", if(E473="Velocista 2", "Reduz a duração da missão em 25%", if(E473="Velocista 3", "Reduz a duração da missão em 50%", )))))))))))))))))))))))))))))))))))))))))))))))))))))))))))))))))))))))))))) | H473: FALSE
